division,division_en,district,district_en,serial,office_name,office_name_en,contact_text,contact_numbers,source_pdf
খুলনা বিভাগ,Khulna Division,খুলনা জেলা,Khulna District,1,"উপপরিচালক, খুলনা",Deputy Director Khulna,০১৯০১০২০১৩০,01901020130,খুলনা.pdf
খুলনা বিভাগ,Khulna Division,খুলনা জেলা,Khulna District,2,"সহকারী পরিচালক, খুলনা",Assistant Director Khulna,০১৯০১০২০১৩২,01901020132,খুলনা.pdf
খুলনা বিভাগ,Khulna Division,খুলনা জেলা,Khulna District,3,"উপ সহকারী পরিচালক, খুলনা",Deputy Assistant Director Khulna,০১৯০১০২২৭০৪,01901022704,খুলনা.pdf
খুলনা বিভাগ,Khulna Division,খুলনা জেলা,Khulna District,4,"খুলনা ফায়ার স্টেশন, বয়রা",Khulna Fire Station Boyra,০১৯০১০২২৭৩০,01901022730,খুলনা.pdf
খুলনা বিভাগ,Khulna Division,খুলনা জেলা,Khulna District,5,খালিশপুর ফায়ার স্টেশন,Khalishpur Fire Station,০১৯০১০২২৭৩২,01901022732,খুলনা.pdf
খুলনা বিভাগ,Khulna Division,খুলনা জেলা,Khulna District,6,দৌলতপুর ফায়ার স্টেশন,Daulatpur Fire Station,০১৯০১০২২৭৩৬,01901022736,খুলনা.pdf
খুলনা বিভাগ,Khulna Division,খুলনা জেলা,Khulna District,7,টুটপাড়া ফায়ার স্টেশন,Tutpara Fire Station,০১৯০১০২২৭৩৪,01901022734,খুলনা.pdf
খুলনা বিভাগ,Khulna Division,খুলনা জেলা,Khulna District,8,খুলনা নদী ফায়ার স্টেশন,Khulna River Fire Station,০১৯০১০২২৭৩৮,01901022738,খুলনা.pdf
খুলনা বিভাগ,Khulna Division,খুলনা জেলা,Khulna District,9,খুলনা স্থল-কাম নদী ফায়ার স্টেশন,Khulna Land Cum River Fire Station,০১৯০১০২২৭৪৮,01901022748,খুলনা.pdf
খুলনা বিভাগ,Khulna Division,খুলনা জেলা,Khulna District,10,খানজাহান আলী ফায়ার স্টেশন,Khanjahan Ali Fire Station,০১৯০১০২২৭৪৪,01901022744,খুলনা.pdf
খুলনা বিভাগ,Khulna Division,খুলনা জেলা,Khulna District,11,রুপসা ফায়ার স্টেশন,Rupsa Fire Station,০১৯০১০২২৭৫২,01901022752,খুলনা.pdf
খুলনা বিভাগ,Khulna Division,খুলনা জেলা,Khulna District,12,ডুমুরিয়া ফায়ার স্টেশন,Dumuria Fire Station,০১৯০১০২২৭৫০,01901022750,খুলনা.pdf
খুলনা বিভাগ,Khulna Division,খুলনা জেলা,Khulna District,13,দাকোপ ফায়ার স্টেশন,Dakop Fire Station,০১৯০১০২২৭৫৮,01901022758,খুলনা.pdf
খুলনা বিভাগ,Khulna Division,খুলনা জেলা,Khulna District,14,বটিয়াঘাটা ফায়ার স্টেশন,Botiaghata Fire Station,০১৯০১০২২৭৫৬,01901022756,খুলনা.pdf
খুলনা বিভাগ,Khulna Division,খুলনা জেলা,Khulna District,15,তেরখাদা ফায়ার স্টেশন,Terokhada Fire Station,০১৯০১০২২৭৬০,01901022760,খুলনা.pdf
খুলনা বিভাগ,Khulna Division,বাগেরহাট জেলা,Bagerhat District,1,"উপসহকারী পরিচালক, বাগেরহাট",Deputy Assistant Director Bagerhat,০১৯০১০২২৭১৮,01901022718,খুলনা.pdf
খুলনা বিভাগ,Khulna Division,বাগেরহাট জেলা,Bagerhat District,2,বাগেরহাট ফায়ার স্টেশন,Bagerhat Fire Station,০১৯০১০২২৭৬৮,01901022768,খুলনা.pdf
খুলনা বিভাগ,Khulna Division,বাগেরহাট জেলা,Bagerhat District,3,মংলা ফায়ার স্টেশন,Mongla Fire Station,০১৯০১০২২৭৭২,01901022772,খুলনা.pdf
খুলনা বিভাগ,Khulna Division,বাগেরহাট জেলা,Bagerhat District,4,ইর্পফিে ফায়ার স্টেশন,Irpfie Fire Station,০১৯০১০২২৭৭৪,01901022774,খুলনা.pdf
খুলনা বিভাগ,Khulna Division,বাগেরহাট জেলা,Bagerhat District,5,জমাফড়লগঞ্জ ফায়ার স্টেশন,Jmafrlgnyj Fire Station,০১৯০১০২২৭৭৮,01901022778,খুলনা.pdf
খুলনা বিভাগ,Khulna Division,বাগেরহাট জেলা,Bagerhat District,6,শরণফখালা ফায়ার স্টেশন,Shrnfkhala Fire Station,০১৯০১০২২৭৮২,01901022782,খুলনা.pdf
খুলনা বিভাগ,Khulna Division,বাগেরহাট জেলা,Bagerhat District,7,জমাল্লাহাট ফায়ার স্টেশন,Jmallahat Fire Station,০১৯০১০২২৭৮৪,01901022784,খুলনা.pdf
খুলনা বিভাগ,Khulna Division,বাগেরহাট জেলা,Bagerhat District,8,রামপাল ফায়ার স্টেশন,Rampal Fire Station,০১৯০১০২২৭৮৬,01901022786,খুলনা.pdf
খুলনা বিভাগ,Khulna Division,বাগেরহাট জেলা,Bagerhat District,9,কচুয়া ফায়ার স্টেশন,Kachua Fire Station,০১৯০১০২২৭৯২,01901022792,খুলনা.pdf
খুলনা বিভাগ,Khulna Division,সাতক্ষীরা জেলা,Satkhira District,1,উপসহকারী পরিচালক,Deputy Assistant Director,০১৯০১০২২৭০৬,01901022706,খুলনা.pdf
খুলনা বিভাগ,Khulna Division,সাতক্ষীরা জেলা,Satkhira District,2,সাতক্ষীরা ফায়ার স্টেশন,Satkhira Fire Station,০১৯০১০২২৭৯৬,01901022796,খুলনা.pdf
খুলনা বিভাগ,Khulna Division,সাতক্ষীরা জেলা,Satkhira District,3,জ হিাটা ফায়ার স্টেশন,J Hiata Fire Station,০১৯০১০২২৮০৬,01901022806,খুলনা.pdf
খুলনা বিভাগ,Khulna Division,সাতক্ষীরা জেলা,Satkhira District,4,কার্লগঞ্জ ফায়ার স্টেশন,Karlgnyj Fire Station,০১৯০১০২২৮০০,01901022800,খুলনা.pdf
খুলনা বিভাগ,Khulna Division,সাতক্ষীরা জেলা,Satkhira District,5,আশাশুনী ফায়ার স্টেশন,Ashashuni Fire Station,০১৯০১০২২৭৯৮,01901022798,খুলনা.pdf
খুলনা বিভাগ,Khulna Division,সাতক্ষীরা জেলা,Satkhira District,6,কলাফরায়া ফায়ার স্টেশন,Klafraya Fire Station,০১৯০১০২২৮০৪,01901022804,খুলনা.pdf
খুলনা বিভাগ,Khulna Division,যশোর জেলা,Jashore District,1,"সহকারী পরিচালক, যশোর",Assistant Director Jashore,০১৯০১০২০১৩৪,01901020134,খুলনা.pdf
খুলনা বিভাগ,Khulna Division,যশোর জেলা,Jashore District,2,"উপ সহকারী পরিচালক, যশোর",Deputy Assistant Director Jashore,০১৯০১০২২৭১২,01901022712,খুলনা.pdf
খুলনা বিভাগ,Khulna Division,যশোর জেলা,Jashore District,3,যশোর ফায়ার স্টেশন,Jashore Fire Station,০১৯০১০২২৮১৪,01901022814,খুলনা.pdf
খুলনা বিভাগ,Khulna Division,যশোর জেলা,Jashore District,4,নওয়াপাড়া ফায়ার স্টেশন,Noyapara Fire Station,০১৯০১০২২৮২৮,01901022828,খুলনা.pdf
খুলনা বিভাগ,Khulna Division,যশোর জেলা,Jashore District,5,ঝিকরগাছা ফায়ার স্টেশন,Jhikargacha Fire Station,০১৯০১০২২৮২৬,01901022826,খুলনা.pdf
খুলনা বিভাগ,Khulna Division,যশোর জেলা,Jashore District,6,জনিাফপাল ফায়ার স্টেশন,Jniafpal Fire Station,০১৯০১০২২৮৩০,01901022830,খুলনা.pdf
খুলনা বিভাগ,Khulna Division,যশোর জেলা,Jashore District,7,মর্নরামপুর ফায়ার স্টেশন,Mrnrampur Fire Station,০১৯০১০২২৮৩৪,01901022834,খুলনা.pdf
খুলনা বিভাগ,Khulna Division,যশোর জেলা,Jashore District,8,বাঘারপাড়া ফায়ার স্টেশন,Bagherpara Fire Station,০১৯০১০২২৮৩৬,01901022836,খুলনা.pdf
খুলনা বিভাগ,Khulna Division,যশোর জেলা,Jashore District,9,জকশপিুর ফায়ার স্টেশন,Jkshpiur Fire Station,০১৯০১০২২৮৪২,01901022842,খুলনা.pdf
খুলনা বিভাগ,Khulna Division,যশোর জেলা,Jashore District,10,জচৌগাছা ফায়ার স্টেশন,Jchougachha Fire Station,০১৯০১০২২৮৪০,01901022840,খুলনা.pdf
খুলনা বিভাগ,Khulna Division,যশোর জেলা,Jashore District,11,যশোর জসনার্নািস ফায়ার স্টেশন,Jashore Jsnarnais Fire Station,০১৯০১০২২৮১৬,01901022816,খুলনা.pdf
খুলনা বিভাগ,Khulna Division,নড়াইল জেলা,Nrail District,1,"উপ সহকারী পরিচালক, নড়াইল",Deputy Assistant Director Nrail,০১৯০১০২২৭২০,01901022720,খুলনা.pdf
খুলনা বিভাগ,Khulna Division,নড়াইল জেলা,Nrail District,2,নড়াইল ফায়ার স্টেশন,Nrail Fire Station,০১৯০১০২২৮৬০,01901022860,খুলনা.pdf
খুলনা বিভাগ,Khulna Division,নড়াইল জেলা,Nrail District,2,জলাহাগড়া ফায়ার স্টেশন,Jlahagra Fire Station,০১৯০১০২২৮৬৪,01901022864,খুলনা.pdf
খুলনা বিভাগ,Khulna Division,নড়াইল জেলা,Nrail District,3,কার্লয়া ফায়ার স্টেশন,Karlya Fire Station,০১৯০১০২২৮৬৬,01901022866,খুলনা.pdf
খুলনা বিভাগ,Khulna Division,ঝিনাইদহ জেলা,Jhenaidah District,1,"উপ সহকারী পরিচালক, ঝিনাইদহ",Deputy Assistant Director Jhenaidah,০১৯০১০২২৭০৯,01901022709,খুলনা.pdf
খুলনা বিভাগ,Khulna Division,ঝিনাইদহ জেলা,Jhenaidah District,2,ঝিনাইদহ ফায়ার স্টেশন,Jhenaidah Fire Station,০১৯০১০২২৮৪৪,01901022844,খুলনা.pdf
খুলনা বিভাগ,Khulna Division,ঝিনাইদহ জেলা,Jhenaidah District,3,শশলকুপা ফায়ার স্টেশন,Shshlkupa Fire Station,০১৯০১০২২৮৫০,01901022850,খুলনা.pdf
খুলনা বিভাগ,Khulna Division,ঝিনাইদহ জেলা,Jhenaidah District,4,জকাটচা পুর ফায়ার স্টেশন,Jkatcha Pur Fire Station,০১৯০১০২২৮৪৮,01901022848,খুলনা.pdf
খুলনা বিভাগ,Khulna Division,ঝিনাইদহ জেলা,Jhenaidah District,5,কার্লগঞ্জ ফায়ার স্টেশন,Karlgnyj Fire Station,০১৯০১০২২৮৫২,01901022852,খুলনা.pdf
খুলনা বিভাগ,Khulna Division,ঝিনাইদহ জেলা,Jhenaidah District,6,হর্রনাকুন্ডু ফায়ার স্টেশন,Hrrnakundu Fire Station,০১৯০১০২২৮৫৬,01901022856,খুলনা.pdf
খুলনা বিভাগ,Khulna Division,ঝিনাইদহ জেলা,Jhenaidah District,7,মহশেপুর ফায়ার স্টেশন,Mhshepur Fire Station,০১৯০১০২২৮৫৮,01901022858,খুলনা.pdf
খুলনা বিভাগ,Khulna Division,মাগুরা জেলা,Magura District,1,"উপ সহকারী পরিচালক, মাগুরা",Deputy Assistant Director Magura,০১৯০১০২২৭০৮,01901022708,খুলনা.pdf
খুলনা বিভাগ,Khulna Division,মাগুরা জেলা,Magura District,2,মাগুরা ফায়ার স্টেশন,Magura Fire Station,০১৯০১০২২৮৬৮,01901022868,খুলনা.pdf
খুলনা বিভাগ,Khulna Division,মাগুরা জেলা,Magura District,3,জমাহাম্ম পুর ফায়ার স্টেশন,Jmahamm Pur Fire Station,০১৯০১০২২৮৭২,01901022872,খুলনা.pdf
খুলনা বিভাগ,Khulna Division,মাগুরা জেলা,Magura District,4,শ্রীপুর ফায়ার স্টেশন,Sreepur Fire Station,০১৯০১০২২৮৭৪,01901022874,খুলনা.pdf
খুলনা বিভাগ,Khulna Division,কুষ্টিয়া জেলা,Kushtia District,1,"সহকারী পরিচালক, কুষ্টিয়া",Assistant Director Kushtia,০১৯০১০২০১৩৬,01901020136,খুলনা.pdf
খুলনা বিভাগ,Khulna Division,কুষ্টিয়া জেলা,Kushtia District,2,কুষ্টিয়া ফায়ার স্টেশন,Kushtia Fire Station,০1901022878,01901022878,খুলনা.pdf
খুলনা বিভাগ,Khulna Division,কুষ্টিয়া জেলা,Kushtia District,3,জখাকসা ফায়ার স্টেশন,Jkhaksa Fire Station,০1901022888,01901022888,খুলনা.pdf
খুলনা বিভাগ,Khulna Division,কুষ্টিয়া জেলা,Kushtia District,4,জভড়ামারা ফায়ার স্টেশন,Jbhramara Fire Station,০1901022886,01901022886,খুলনা.pdf
খুলনা বিভাগ,Khulna Division,কুষ্টিয়া জেলা,Kushtia District,5,কুমারখালী ফায়ার স্টেশন,Kumarkhali Fire Station,০1901022882,01901022882,খুলনা.pdf
খুলনা বিভাগ,Khulna Division,কুষ্টিয়া জেলা,Kushtia District,6,র্মরপুর ফায়ার স্টেশন,Rmrpur Fire Station,০1901022884,01901022884,খুলনা.pdf
খুলনা বিভাগ,Khulna Division,চুয়াডাঙ্গা জেলা,Chuadanga District,1,"উপ সহকারী পরিচালক, চুয়াডাঙ্গা",Deputy Assistant Director Chuadanga,01901022710,01901022710,খুলনা.pdf
খুলনা বিভাগ,Khulna Division,চুয়াডাঙ্গা জেলা,Chuadanga District,2,চুয়াডাঙ্গা ফায়ার স্টেশন,Chuadanga Fire Station,০1901022898,01901022898,খুলনা.pdf
খুলনা বিভাগ,Khulna Division,চুয়াডাঙ্গা জেলা,Chuadanga District,3,আলমিাঙ্গা ফায়ার স্টেশন,Almiangga Fire Station,০1901022902,01901022902,খুলনা.pdf
খুলনা বিভাগ,Khulna Division,চুয়াডাঙ্গা জেলা,Chuadanga District,4,জীবননগর ফায়ার স্টেশন,Jibannagar Fire Station,০1901022906,01901022906,খুলনা.pdf
খুলনা বিভাগ,Khulna Division,চুয়াডাঙ্গা জেলা,Chuadanga District,5,দর্শনা ফায়ার স্টেশন,Drshna Fire Station,০1901022908,01901022908,খুলনা.pdf
খুলনা বিভাগ,Khulna Division,মেহেরপুর জেলা,Meherpur District,1,"উপ সহকারী পরিচালক, মেহেরপুর",Deputy Assistant Director Meherpur,01901022711,01901022711,খুলনা.pdf
খুলনা বিভাগ,Khulna Division,মেহেরপুর জেলা,Meherpur District,2,মেহেরপুর ফায়ার স্টেশন,Meherpur Fire Station,০1901022892,01901022892,খুলনা.pdf
খুলনা বিভাগ,Khulna Division,মেহেরপুর জেলা,Meherpur District,3,বামুন্দি ফায়ার স্টেশন,Bamundi Fire Station,০1901022894,01901022894,খুলনা.pdf
খুলনা বিভাগ,Khulna Division,মেহেরপুর জেলা,Meherpur District,4,মুজিবনগর ফায়ার স্টেশন,Mujibnagar Fire Station,০1901022896,01901022896,খুলনা.pdf
চট্টগ্রাম বিভাগ,Chattogram Division,চট্টগ্রাম জেলা (জোন-১),Chattogram District Zone 1,1,উপপরিচালক চট্টগ্রাম,Deputy Director Chattogram,০১৯০১০২০১১০,01901020110,চট্টগ্রাম.pdf
চট্টগ্রাম বিভাগ,Chattogram Division,চট্টগ্রাম জেলা (জোন-১),Chattogram District Zone 1,2,"সহকারী পরিচালক, চট্টগ্রাম জেলা",Assistant Director Chattogram District,০১৯০১০২০১১২,01901020112,চট্টগ্রাম.pdf
চট্টগ্রাম বিভাগ,Chattogram Division,চট্টগ্রাম জেলা (জোন-১),Chattogram District Zone 1,3,উপ সহকারী পরিচালক চট্টগ্রাম-১,Deputy Assistant Director Chattogram 1,০১৯০১০২১৫০৬,01901021506,চট্টগ্রাম.pdf
চট্টগ্রাম বিভাগ,Chattogram Division,চট্টগ্রাম জেলা (জোন-১),Chattogram District Zone 1,4,আগ্রাবাদ ফায়ার স্টেশন,Agrabad Fire Station,০১৯০১০২১৫৪১,01901021541,চট্টগ্রাম.pdf
চট্টগ্রাম বিভাগ,Chattogram Division,চট্টগ্রাম জেলা (জোন-১),Chattogram District Zone 1,5,বন্দর ফায়ার স্টেশন,Bandar Fire Station,০১৯০১০২১৫৫৫,01901021555,চট্টগ্রাম.pdf
চট্টগ্রাম বিভাগ,Chattogram Division,চট্টগ্রাম জেলা (জোন-১),Chattogram District Zone 1,6,সিইপিজেড ফায়ার স্টেশন,CEPZ Fire Station,০১৯০১০২১৫৫১,01901021551,চট্টগ্রাম.pdf
চট্টগ্রাম বিভাগ,Chattogram Division,চট্টগ্রাম জেলা (জোন-১),Chattogram District Zone 1,7,কুমিরা ফায়ার স্টেশন,Kumira Fire Station,০১৯০১০২১৫৯১,01901021591,চট্টগ্রাম.pdf
চট্টগ্রাম বিভাগ,Chattogram Division,চট্টগ্রাম জেলা (জোন-১),Chattogram District Zone 1,8,সীতাকুন্ড ফায়ার স্টেশন,Sitakunda Fire Station,০১৯০১০২১৫৮৯,01901021589,চট্টগ্রাম.pdf
চট্টগ্রাম বিভাগ,Chattogram Division,চট্টগ্রাম জেলা (জোন-১),Chattogram District Zone 1,9,মিরেরসরাই ফায়ার স্টেশন,Mirersrai Fire Station,০১৯০১০২১৫৭৭,01901021577,চট্টগ্রাম.pdf
চট্টগ্রাম বিভাগ,Chattogram Division,চট্টগ্রাম জেলা (জোন-১),Chattogram District Zone 1,10,সমুদ্রগামী ফায়ার স্টেশন,Smudrgami Fire Station,০১৯০১০২১৫৬১,01901021561,চট্টগ্রাম.pdf
চট্টগ্রাম বিভাগ,Chattogram Division,চট্টগ্রাম জেলা (জোন-১),Chattogram District Zone 1,11,নিউমুরিং ফায়ার স্টেশন,Niumuring Fire Station,০১৯০১০২১৫৪৭,01901021547,চট্টগ্রাম.pdf
চট্টগ্রাম বিভাগ,Chattogram Division,চট্টগ্রাম জেলা (জোন-১),Chattogram District Zone 1,12,সন্দীপ ফায়ার স্টেশন,Sndip Fire Station,০১৯০১০২১৫৮৭,01901021587,চট্টগ্রাম.pdf
চট্টগ্রাম বিভাগ,Chattogram Division,চট্টগ্রাম জেলা (জোন-২),Chattogram District Zone 2,1,"উপ সহকারী পরিচালক, চট্টগ্রাম জোন-২",Deputy Assistant Director Chattogram Zone 2,০১৯০১০২১৫০৬,01901021506,চট্টগ্রাম.pdf
চট্টগ্রাম বিভাগ,Chattogram Division,চট্টগ্রাম জেলা (জোন-২),Chattogram District Zone 2,2,পটিয়া ফায়ার স্টেশন,Patiya Fire Station,০১৯০১০২১৬০১,01901021601,চট্টগ্রাম.pdf
চট্টগ্রাম বিভাগ,Chattogram Division,চট্টগ্রাম জেলা (জোন-২),Chattogram District Zone 2,3,সাতকানিয়া ফায়ার স্টেশন,Satkania Fire Station,০১৯০১০২১৬০৩,01901021603,চট্টগ্রাম.pdf
চট্টগ্রাম বিভাগ,Chattogram Division,চট্টগ্রাম জেলা (জোন-২),Chattogram District Zone 2,4,নন্দনকানন ফায়ার স্টেশন,Nndnkann Fire Station,০১৯০১০২১৫৪৫,01901021545,চট্টগ্রাম.pdf
চট্টগ্রাম বিভাগ,Chattogram Division,চট্টগ্রাম জেলা (জোন-২),Chattogram District Zone 2,5,চন্দনপুরা ফায়ার স্টেশন,Chndnpura Fire Station,০১৯০১০২১৫৫৯,01901021559,চট্টগ্রাম.pdf
চট্টগ্রাম বিভাগ,Chattogram Division,চট্টগ্রাম জেলা (জোন-২),Chattogram District Zone 2,6,লামারবাজার ফায়ার স্টেশন,Lamarbajar Fire Station,০১৯০১০২১৫৪৯,01901021549,চট্টগ্রাম.pdf
চট্টগ্রাম বিভাগ,Chattogram Division,চট্টগ্রাম জেলা (জোন-২),Chattogram District Zone 2,7,বোয়ালখালী ফায়ার স্টেশন,Boalkhali Fire Station,০১৯০১০২১৫৯৭,01901021597,চট্টগ্রাম.pdf
চট্টগ্রাম বিভাগ,Chattogram Division,চট্টগ্রাম জেলা (জোন-২),Chattogram District Zone 2,8,আনোয়ারা ফায়ার স্টেশন,Anwara Fire Station,০১৯০১০২১৫৯৩,01901021593,চট্টগ্রাম.pdf
চট্টগ্রাম বিভাগ,Chattogram Division,চট্টগ্রাম জেলা (জোন-২),Chattogram District Zone 2,9,বাঁশখালী ফায়ার স্টেশন,Banshkhali Fire Station,০১৯০১০২১৫৯৫,01901021595,চট্টগ্রাম.pdf
চট্টগ্রাম বিভাগ,Chattogram Division,চট্টগ্রাম জেলা (জোন-২),Chattogram District Zone 2,10,চন্দনাইশ ফায়ার স্টেশন,Chandanaish Fire Station,০১৯০১০২১৫৯৯,01901021599,চট্টগ্রাম.pdf
চট্টগ্রাম বিভাগ,Chattogram Division,চট্টগ্রাম জেলা (জোন-৩),Chattogram District Zone 3,1,"উপ সহকারী পরিচালক, চট্টগ্রাম জোন-৩",Deputy Assistant Director Chattogram Zone 3,০১৯০১০২১৫০৮,01901021508,চট্টগ্রাম.pdf
চট্টগ্রাম বিভাগ,Chattogram Division,চট্টগ্রাম জেলা (জোন-৩),Chattogram District Zone 3,2,কাপ্তাই ফায়ার স্টেশন,Kaptai Fire Station,০১৯০১০২১৬৪১,01901021641,চট্টগ্রাম.pdf
চট্টগ্রাম বিভাগ,Chattogram Division,চট্টগ্রাম জেলা (জোন-৩),Chattogram District Zone 3,3,কালুরঘাট ফায়ার স্টেশন,Kalurghat Fire Station,০১৯০১০২১৫৫৭,01901021557,চট্টগ্রাম.pdf
চট্টগ্রাম বিভাগ,Chattogram Division,চট্টগ্রাম জেলা (জোন-৩),Chattogram District Zone 3,4,রাউজান ফায়ার স্টেশন,Raozan Fire Station,০১৯০১০২১৫৮৩,01901021583,চট্টগ্রাম.pdf
চট্টগ্রাম বিভাগ,Chattogram Division,চট্টগ্রাম জেলা (জোন-৩),Chattogram District Zone 3,5,ফাটকছড়ি ফায়ার স্টেশন,Fatkchhri Fire Station,০১৯০১০২১৫৭১,01901021571,চট্টগ্রাম.pdf
চট্টগ্রাম বিভাগ,Chattogram Division,চট্টগ্রাম জেলা (জোন-৩),Chattogram District Zone 3,6,হাটহাজারী ফায়ার স্টেশন,Hathazari Fire Station,০১৯০১০২১৫৭৫,01901021575,চট্টগ্রাম.pdf
চট্টগ্রাম বিভাগ,Chattogram Division,চট্টগ্রাম জেলা (জোন-৩),Chattogram District Zone 3,7,বায়েজিদ ফায়ার স্টেশন,Bayejid Fire Station,০১৯০১০২১৫৪৩,01901021543,চট্টগ্রাম.pdf
চট্টগ্রাম বিভাগ,Chattogram Division,কক্সবাজার জেলা,Cox S Bazar District,1,"উপসহকারী পরিচালক, কক্সবাজার",Deputy Assistant Director Cox S Bazar,০১৯০১০২১৫১১,01901021511,চট্টগ্রাম.pdf
চট্টগ্রাম বিভাগ,Chattogram Division,কক্সবাজার জেলা,Cox S Bazar District,2,কক্সবাজার ফায়ার স্টেশন,Cox S Bazar Fire Station,০১৯০১০২১৬০৭,01901021607,চট্টগ্রাম.pdf
চট্টগ্রাম বিভাগ,Chattogram Division,কক্সবাজার জেলা,Cox S Bazar District,3,চকোরিয়া ফায়ার স্টেশন,Chkoriya Fire Station,০১৯০১০২১৬১৭,01901021617,চট্টগ্রাম.pdf
চট্টগ্রাম বিভাগ,Chattogram Division,কক্সবাজার জেলা,Cox S Bazar District,4,পেকুয়া ফায়ার স্টেশন,Pekua Fire Station,০১৯০১০২১৬১৭,01901021617,চট্টগ্রাম.pdf
চট্টগ্রাম বিভাগ,Chattogram Division,কক্সবাজার জেলা,Cox S Bazar District,5,টেকনাফ বড়য়াু,Teknaf Bryau,০১৯০১০২১৬২৫,01901021625,চট্টগ্রাম.pdf
চট্টগ্রাম বিভাগ,Chattogram Division,কক্সবাজার জেলা,Cox S Bazar District,6,মহেশখালী ফায়ার স্টেশন,Moheshkhali Fire Station,০১৯০১০২১৬১৮,01901021618,চট্টগ্রাম.pdf
চট্টগ্রাম বিভাগ,Chattogram Division,কক্সবাজার জেলা,Cox S Bazar District,7,উখয়িা ফায়ার স্টেশন,Ukhyia Fire Station,০১৯০১০২১৬২৭,01901021627,চট্টগ্রাম.pdf
চট্টগ্রাম বিভাগ,Chattogram Division,কক্সবাজার জেলা,Cox S Bazar District,8,রামু ফায়ার স্টেশন,Ramu Fire Station,০১৯০১০২১৬২১,01901021621,চট্টগ্রাম.pdf
চট্টগ্রাম বিভাগ,Chattogram Division,বান্দরবান জেলা,Bandarban District,1,"সহকারী পরিচালক, বান্দরবান",Assistant Director Bandarban,০১৯০১০২০১১৯,01901020119,চট্টগ্রাম.pdf
চট্টগ্রাম বিভাগ,Chattogram Division,বান্দরবান জেলা,Bandarban District,2,বান্দরবান ফায়ার স্টেশন,Bandarban Fire Station,০১৯০১০২১৬৭৯,01901021679,চট্টগ্রাম.pdf
চট্টগ্রাম বিভাগ,Chattogram Division,বান্দরবান জেলা,Bandarban District,3,লামা ফায়ার স্টেশন,Lama Fire Station,০১৯০১০২১৬৮৫,01901021685,চট্টগ্রাম.pdf
চট্টগ্রাম বিভাগ,Chattogram Division,বান্দরবান জেলা,Bandarban District,4,স্টরায়াাংছখি ফায়ার স্টেশন,Strayaangchhkhi Fire Station,০১৯০১০২১৬৮৭,01901021687,চট্টগ্রাম.pdf
চট্টগ্রাম বিভাগ,Chattogram Division,বান্দরবান জেলা,Bandarban District,5,আলীকদম ফায়ার স্টেশন,Alikadam Fire Station,০১৯০১০২১৬৮৩,01901021683,চট্টগ্রাম.pdf
চট্টগ্রাম বিভাগ,Chattogram Division,বান্দরবান জেলা,Bandarban District,6,থানখচ ফায়ার স্টেশন,Thankhch Fire Station,০১৯০১০২১৬৮৯,01901021689,চট্টগ্রাম.pdf
চট্টগ্রাম বিভাগ,Chattogram Division,বান্দরবান জেলা,Bandarban District,7,রুমা ফায়ার স্টেশন,Ruma Fire Station,০১৯০১০২১৬৯১,01901021691,চট্টগ্রাম.pdf
চট্টগ্রাম বিভাগ,Chattogram Division,রাঙ্গামাটি জেলা,Rangamati District,1,"সহকারী পরিচালক, রাঙ্গামাটি",Assistant Director Rangamati,০১৯০১০২০১১৮,01901020118,চট্টগ্রাম.pdf
চট্টগ্রাম বিভাগ,Chattogram Division,রাঙ্গামাটি জেলা,Rangamati District,2,রাঙ্গামাটি ফায়ার স্টেশন,Rangamati Fire Station,০১৯০১০২১৬৩৭,01901021637,চট্টগ্রাম.pdf
চট্টগ্রাম বিভাগ,Chattogram Division,রাঙ্গামাটি জেলা,Rangamati District,3,কাপ্তাই ফায়ার স্টেশন,Kaptai Fire Station,০১৯০১০২১৬৪১,01901021641,চট্টগ্রাম.pdf
চট্টগ্রাম বিভাগ,Chattogram Division,রাঙ্গামাটি জেলা,Rangamati District,4,কাউািলী ফায়ার স্টেশন,Kauaili Fire Station,০১৯০১০২১৬৪৩,01901021643,চট্টগ্রাম.pdf
চট্টগ্রাম বিভাগ,Chattogram Division,খাগড়াছড়ি জেলা,Khagrachhari District,1,"উপসহকারী পরিচালক, খাগড়াছড়ি",Deputy Assistant Director Khagrachhari,০১৯০১০২১৫১৮,01901021518,চট্টগ্রাম.pdf
চট্টগ্রাম বিভাগ,Chattogram Division,খাগড়াছড়ি জেলা,Khagrachhari District,2,খাগড়াছড়ি ফায়ার স্টেশন,Khagrachhari Fire Station,০১৯০১০২১৬৬১,01901021661,চট্টগ্রাম.pdf
চট্টগ্রাম বিভাগ,Chattogram Division,খাগড়াছড়ি জেলা,Khagrachhari District,3,রামগড় ফায়ার স্টেশন,Ramgr Fire Station,০১৯০১০২১৬৬৫,01901021665,চট্টগ্রাম.pdf
চট্টগ্রাম বিভাগ,Chattogram Division,খাগড়াছড়ি জেলা,Khagrachhari District,4,দিঘীনালা ফায়ার স্টেশন,Dighinala Fire Station,০১৯০১০২১৬৬৩,01901021663,চট্টগ্রাম.pdf
চট্টগ্রাম বিভাগ,Chattogram Division,খাগড়াছড়ি জেলা,Khagrachhari District,5,লক্ষীছখি ফায়ার স্টেশন,Lkshichhkhi Fire Station,০১৯০১০২১৬৬৯,01901021669,চট্টগ্রাম.pdf
চট্টগ্রাম বিভাগ,Chattogram Division,খাগড়াছড়ি জেলা,Khagrachhari District,6,মাটরিাঙ্গা ফায়ার স্টেশন,Matriangga Fire Station,০১৯০১০২১৬৬৭,01901021667,চট্টগ্রাম.pdf
চট্টগ্রাম বিভাগ,Chattogram Division,খাগড়াছড়ি জেলা,Khagrachhari District,7,পানছখি ফায়ার স্টেশন,Panchhkhi Fire Station,০১৯০১০২১৬৭১,01901021671,চট্টগ্রাম.pdf
চট্টগ্রাম বিভাগ,Chattogram Division,কুমিল্লা জেলা,Cumilla District,1,"সহকারী পরিচালক, কুমিলস্না",Assistant Director Kumilsna,০১৯০১০২০১১৪,01901020114,চট্টগ্রাম.pdf
চট্টগ্রাম বিভাগ,Chattogram Division,কুমিল্লা জেলা,Cumilla District,2,"উপসহকারী পরিচালক, কুমিলস্না",Deputy Assistant Director Kumilsna,০১৯০১০২১৫১০,01901021510,চট্টগ্রাম.pdf
চট্টগ্রাম বিভাগ,Chattogram Division,কুমিল্লা জেলা,Cumilla District,3,কুমিলস্না ফায়ার স্টেশন,Kumilsna Fire Station,০১৯০১০২১৬৯৫,01901021695,চট্টগ্রাম.pdf
চট্টগ্রাম বিভাগ,Chattogram Division,কুমিল্লা জেলা,Cumilla District,4,দৌলতগঞ্জ বাজার (লাকসাম) ফায়ার স্টেশন,Doultgnyj Bajar Laksam Fire Station,০১৯০১০২১৭১৭,01901021717,চট্টগ্রাম.pdf
চট্টগ্রাম বিভাগ,Chattogram Division,কুমিল্লা জেলা,Cumilla District,5,ইপিজেড ফায়ার স্টেশন,Ipijed Fire Station,০১৯০১০২১৬৯৯,01901021699,চট্টগ্রাম.pdf
চট্টগ্রাম বিভাগ,Chattogram Division,কুমিল্লা জেলা,Cumilla District,6,বরম্নড়া ফায়ার স্টেশন,Brmnra Fire Station,০১৯০১০২১৭১৫,01901021715,চট্টগ্রাম.pdf
চট্টগ্রাম বিভাগ,Chattogram Division,কুমিল্লা জেলা,Cumilla District,7,চৌদ্দগ্রাম ফায়ার স্টেশন,Chauddagram Fire Station,০১৯০১০২১৭১১,01901021711,চট্টগ্রাম.pdf
চট্টগ্রাম বিভাগ,Chattogram Division,কুমিল্লা জেলা,Cumilla District,8,দাউদকান্দি ফায়ার স্টেশন,Daudkandi Fire Station,০১৯০১০২১৭০৩,01901021703,চট্টগ্রাম.pdf
চট্টগ্রাম বিভাগ,Chattogram Division,কুমিল্লা জেলা,Cumilla District,8,চৌয়ারা বাজার ফায়ার স্টেশন,Chouyara Bajar Fire Station,০১৯০১০২১৬৯৭,01901021697,চট্টগ্রাম.pdf
চট্টগ্রাম বিভাগ,Chattogram Division,কুমিল্লা জেলা,Cumilla District,9,চান্দিনা ফায়ার স্টেশন,Chandina Fire Station,০১৯০১০২১৭০১,01901021701,চট্টগ্রাম.pdf
চট্টগ্রাম বিভাগ,Chattogram Division,কুমিল্লা জেলা,Cumilla District,10,হোমনা ফায়ার স্টেশন,Homna Fire Station,০১৯০১০২১৭০৫,01901021705,চট্টগ্রাম.pdf
চট্টগ্রাম বিভাগ,Chattogram Division,কুমিল্লা জেলা,Cumilla District,11,মুরাদনগর ফায়ার স্টেশন,Muradnagar Fire Station,০১৯০১০২১৭০৭,01901021707,চট্টগ্রাম.pdf
চট্টগ্রাম বিভাগ,Chattogram Division,কুমিল্লা জেলা,Cumilla District,12,বুড়চিং ফায়ার স্টেশন,Burching Fire Station,০১৯০১০২১৭১৩,01901021713,চট্টগ্রাম.pdf
চট্টগ্রাম বিভাগ,Chattogram Division,কুমিল্লা জেলা,Cumilla District,13,স্টঘেনা ফায়ার স্টেশন,Stghena Fire Station,০১৯০১০২১৭২১,01901021721,চট্টগ্রাম.pdf
চট্টগ্রাম বিভাগ,Chattogram Division,ব্রাহ্মণবাড়ীয়া জেলা,Brahmnbariya District,1,"উপসহকারী পরিচালক, বি-বাড়ীয়া",Deputy Assistant Director Bi Bariya,০১৯০১০২১৫১৪,01901021514,চট্টগ্রাম.pdf
চট্টগ্রাম বিভাগ,Chattogram Division,ব্রাহ্মণবাড়ীয়া জেলা,Brahmnbariya District,2,বি-বাড়ীয়া ফায়ার স্টেশন,Bi Bariya Fire Station,০১৯০১০২১৭৩৫,01901021735,চট্টগ্রাম.pdf
চট্টগ্রাম বিভাগ,Chattogram Division,ব্রাহ্মণবাড়ীয়া জেলা,Brahmnbariya District,3,আশুগঞ্জ ফায়ার স্টেশন,Ashuganj Fire Station,০১৯০১০২১৭৩৭,01901021737,চট্টগ্রাম.pdf
চট্টগ্রাম বিভাগ,Chattogram Division,ব্রাহ্মণবাড়ীয়া জেলা,Brahmnbariya District,4,আখাউড়া ফায়ার স্টেশন,Akhaura Fire Station,০১৯০১০২১৭৩৯,01901021739,চট্টগ্রাম.pdf
চট্টগ্রাম বিভাগ,Chattogram Division,ব্রাহ্মণবাড়ীয়া জেলা,Brahmnbariya District,5,বাঞ্চারামপুর ফায়ার স্টেশন,Banycharampur Fire Station,০১৯০১০২১৭৪৩,01901021743,চট্টগ্রাম.pdf
চট্টগ্রাম বিভাগ,Chattogram Division,ব্রাহ্মণবাড়ীয়া জেলা,Brahmnbariya District,6,কসবা কুটি ফায়ার স্টেশন,Kasba Kuti Fire Station,০১৯০১০২১৭৪৫,01901021745,চট্টগ্রাম.pdf
চট্টগ্রাম বিভাগ,Chattogram Division,ব্রাহ্মণবাড়ীয়া জেলা,Brahmnbariya District,7,নবীনগর ফায়ার স্টেশন,Nabinagar Fire Station,০১৯০১০২১৭৪৯,01901021749,চট্টগ্রাম.pdf
চট্টগ্রাম বিভাগ,Chattogram Division,ব্রাহ্মণবাড়ীয়া জেলা,Brahmnbariya District,8,নাসিরনগর ফায়ার স্টেশন,Nasirnagar Fire Station,০১৯০১০২১৭৫১,01901021751,চট্টগ্রাম.pdf
চট্টগ্রাম বিভাগ,Chattogram Division,ব্রাহ্মণবাড়ীয়া জেলা,Brahmnbariya District,9,সরাইল ফায়ার স্টেশন,Sarail Fire Station,০১৯০১০২১৭৪৭,01901021747,চট্টগ্রাম.pdf
চট্টগ্রাম বিভাগ,Chattogram Division,ব্রাহ্মণবাড়ীয়া জেলা,Brahmnbariya District,10,বিজয়নগর ফায়ার স্টেশন,Bijoynagar Fire Station,০১৯০১০২১৭৫৩,01901021753,চট্টগ্রাম.pdf
চট্টগ্রাম বিভাগ,Chattogram Division,চাঁদপুর জেলা,Chandpur District,1,"উপসহকারী পরিচালক, চাঁদপুর",Deputy Assistant Director Chandpur,০১৯০১০২১৫১৫,01901021515,চট্টগ্রাম.pdf
চট্টগ্রাম বিভাগ,Chattogram Division,চাঁদপুর জেলা,Chandpur District,2,চাঁদপুর (উত্তর) ফায়ার স্টেশন,Chandpur Uttr Fire Station,০১৯০১০২১৭৫৫,01901021755,চট্টগ্রাম.pdf
চট্টগ্রাম বিভাগ,Chattogram Division,চাঁদপুর জেলা,Chandpur District,3,চাঁদপুর দক্ষিণ ফায়ার স্টেশন,Chandpur Dkshin Fire Station,০১৯০১০২১৭৫৭,01901021757,চট্টগ্রাম.pdf
চট্টগ্রাম বিভাগ,Chattogram Division,চাঁদপুর জেলা,Chandpur District,4,চাঁদপুর নদী ফায়ার স্টেশন,Chandpur River Fire Station,০১৯০১০২১৭৫৯,01901021759,চট্টগ্রাম.pdf
চট্টগ্রাম বিভাগ,Chattogram Division,চাঁদপুর জেলা,Chandpur District,5,হাজীগঞ্জ ফায়ার স্টেশন,Hajiganj Fire Station,০১৯০১০২১৭৬১,01901021761,চট্টগ্রাম.pdf
চট্টগ্রাম বিভাগ,Chattogram Division,চাঁদপুর জেলা,Chandpur District,6,কচুয়া ফায়ার স্টেশন,Kachua Fire Station,০১৯০১০২১৭৬৫,01901021765,চট্টগ্রাম.pdf
চট্টগ্রাম বিভাগ,Chattogram Division,চাঁদপুর জেলা,Chandpur District,7,শাহরাস্ত্মি ফায়ার স্টেশন,Shahrastmi Fire Station,০১৯০১০২১৭৬৯,01901021769,চট্টগ্রাম.pdf
চট্টগ্রাম বিভাগ,Chattogram Division,চাঁদপুর জেলা,Chandpur District,8,হাইমচর ফায়ার স্টেশন,Haimchar Fire Station,০১৯০১০২১৭৬৩,01901021763,চট্টগ্রাম.pdf
চট্টগ্রাম বিভাগ,Chattogram Division,চাঁদপুর জেলা,Chandpur District,9,মতলব দখক্ষণ ফায়ার স্টেশন,Mtlb Dkhkshn Fire Station,০১৯০১০২১৭৬৭,01901021767,চট্টগ্রাম.pdf
চট্টগ্রাম বিভাগ,Chattogram Division,চাঁদপুর জেলা,Chandpur District,10,ফখরদগঞ্জ ফায়ার স্টেশন,Fkhrdgnyj Fire Station,০১৯০১০২১৭৭৩,01901021773,চট্টগ্রাম.pdf
চট্টগ্রাম বিভাগ,Chattogram Division,নোয়াখালী জেলা,Noakhali District,1,"সহকারী পরিচালক, নোয়াখালী",Assistant Director Noakhali,০১৯০১০২০১১৬,01901020116,চট্টগ্রাম.pdf
চট্টগ্রাম বিভাগ,Chattogram Division,নোয়াখালী জেলা,Noakhali District,2,মাইজদী ফায়ার স্টেশন,Maijdi Fire Station,০১৯০১০২১৭৭৫,01901021775,চট্টগ্রাম.pdf
চট্টগ্রাম বিভাগ,Chattogram Division,নোয়াখালী জেলা,Noakhali District,3,চৌমুহনী ফায়ার স্টেশন,Choumuhni Fire Station,০১৯০১০২১৭৮৩,01901021783,চট্টগ্রাম.pdf
চট্টগ্রাম বিভাগ,Chattogram Division,নোয়াখালী জেলা,Noakhali District,4,কোম্পানীগঞ্জ ফায়ার স্টেশন,Companiganj Fire Station,০১৯০১০২১৭৮৯,01901021789,চট্টগ্রাম.pdf
চট্টগ্রাম বিভাগ,Chattogram Division,নোয়াখালী জেলা,Noakhali District,5,সোনাইমুরী ফায়ার স্টেশন,Sonaimuri Fire Station,০১৯০১০২১৭৮৭,01901021787,চট্টগ্রাম.pdf
চট্টগ্রাম বিভাগ,Chattogram Division,নোয়াখালী জেলা,Noakhali District,6,চাটখলি ফায়ার স্টেশন,Chatkhli Fire Station,,,চট্টগ্রাম.pdf
চট্টগ্রাম বিভাগ,Chattogram Division,নোয়াখালী জেলা,Noakhali District,7,সুবণচণ র ফায়ার স্টেশন,Subnchn R Fire Station,০১৯০১০২১৭৯৭,01901021797,চট্টগ্রাম.pdf
চট্টগ্রাম বিভাগ,Chattogram Division,নোয়াখালী জেলা,Noakhali District,8,হাখতয়া ফায়ার স্টেশন,Hakhtya Fire Station,০১৯০১০২১৭৯১,01901021791,চট্টগ্রাম.pdf
চট্টগ্রাম বিভাগ,Chattogram Division,নোয়াখালী জেলা,Noakhali District,9,কখবরহাট ফায়ার স্টেশন,Kkhbrhat Fire Station,,,চট্টগ্রাম.pdf
চট্টগ্রাম বিভাগ,Chattogram Division,লক্ষীপুর জেলা,Lkshipur District,1,"উপসহকারী পরিচালক, লক্ষীপুর",Deputy Assistant Director Lkshipur,০১৯০১০২১৫১৬,01901021516,চট্টগ্রাম.pdf
চট্টগ্রাম বিভাগ,Chattogram Division,লক্ষীপুর জেলা,Lkshipur District,2,লক্ষীপুর ফায়ার স্টেশন,Lkshipur Fire Station,০১৯০১০২১৮০৫,01901021805,চট্টগ্রাম.pdf
চট্টগ্রাম বিভাগ,Chattogram Division,লক্ষীপুর জেলা,Lkshipur District,3,রামগঞ্জ ফায়ার স্টেশন,Ramganj Fire Station,০১৯০১০২১৮১৩,01901021813,চট্টগ্রাম.pdf
চট্টগ্রাম বিভাগ,Chattogram Division,লক্ষীপুর জেলা,Lkshipur District,4,রামগতি ফায়ার স্টেশন,Ramgati Fire Station,০১৯০১০২১৮১৫,01901021815,চট্টগ্রাম.pdf
চট্টগ্রাম বিভাগ,Chattogram Division,লক্ষীপুর জেলা,Lkshipur District,5,কমলনগর ফায়ার স্টেশন,Kamalnagar Fire Station,০১৯০১০২১৮১৭,01901021817,চট্টগ্রাম.pdf
চট্টগ্রাম বিভাগ,Chattogram Division,লক্ষীপুর জেলা,Lkshipur District,6,রায়পুর ফায়ার স্টেশন,Raipur Fire Station,০১৯০১০২১৮১১,01901021811,চট্টগ্রাম.pdf
চট্টগ্রাম বিভাগ,Chattogram Division,ফেনী জেলা,Feni District,1,"উপ সহকারী পরিচালক, ফেনী",Deputy Assistant Director Feni,০১৯০১০২১৫৩৪,01901021534,চট্টগ্রাম.pdf
চট্টগ্রাম বিভাগ,Chattogram Division,ফেনী জেলা,Feni District,2,ফেনী ফায়ার স্টেশন,Feni Fire Station,০১৯০১০২১৮২৩,01901021823,চট্টগ্রাম.pdf
চট্টগ্রাম বিভাগ,Chattogram Division,ফেনী জেলা,Feni District,3,ছাগলনাইয়া ফায়ার স্টেশন,Chhagalnaiya Fire Station,০১৯০১০২১৮২৫,01901021825,চট্টগ্রাম.pdf
চট্টগ্রাম বিভাগ,Chattogram Division,ফেনী জেলা,Feni District,4,সোনাগাজী ফায়ার স্টেশন,Sonagazi Fire Station,০১৯০১০২১৮২৯,01901021829,চট্টগ্রাম.pdf
চট্টগ্রাম বিভাগ,Chattogram Division,ফেনী জেলা,Feni District,5,পরশুরাম ফায়ার স্টেশন,Parshuram Fire Station,০১৯০১০২১৮২৭,01901021827,চট্টগ্রাম.pdf
চট্টগ্রাম বিভাগ,Chattogram Division,ফেনী জেলা,Feni District,6,ফুলগাজী ফায়ার স্টেশন,Fulgazi Fire Station,০১৯০১০২১৮৩১,01901021831,চট্টগ্রাম.pdf
ঢাকা বিভাগ,Dhaka Division,ঢাকা জেলা,Dhaka District,1,"উপপরিচালক, ঢাকা বিভাগ",Deputy Director Dhaka Division,০১৯০১০২০১০০,01901020100,ঢাকা.pdf
ঢাকা বিভাগ,Dhaka Division,ঢাকা জেলা,Dhaka District,2,"সহকারী পরিচালক, ঢাকা",Assistant Director Dhaka,০১৯০১০২০১০২,01901020102,ঢাকা.pdf
ঢাকা বিভাগ,Dhaka Division,ঢাকা জেলা,Dhaka District,3,"উপসহকারী পরিচালক, জোন-১",Deputy Assistant Director Zone 1,০১৯০১০২০৭০৪,01901020704,ঢাকা.pdf
ঢাকা বিভাগ,Dhaka Division,ঢাকা জেলা,Dhaka District,4,"উপসহকারী পরিচালক, জোন-২",Deputy Assistant Director Zone 2,০১৯০১০২০৭০৫,01901020705,ঢাকা.pdf
ঢাকা বিভাগ,Dhaka Division,ঢাকা জেলা,Dhaka District,5,"উপসহকারী পরিচালক, জোন-৩",Deputy Assistant Director Zone 3,০১৯০১০২০৭০৬,01901020706,ঢাকা.pdf
ঢাকা বিভাগ,Dhaka Division,ঢাকা জেলা,Dhaka District,6,"উপসহকারী পরিচালক, জোন-৪",Deputy Assistant Director Zone 4,০১৯০১০২০৭০৭,01901020707,ঢাকা.pdf
ঢাকা বিভাগ,Dhaka Division,ঢাকা জেলা,Dhaka District,7,"উপসহকারী পরিচালক, জোন-৫",Deputy Assistant Director Zone 5,০১৯০১০২০৭০৮,01901020708,ঢাকা.pdf
ঢাকা বিভাগ,Dhaka Division,ঢাকা জেলা,Dhaka District,8,সিদ্দিকবাজার ফায়ার স্টেশন,Siddikbajar Fire Station,০১৯০১০২০৭৪৮,01901020748,ঢাকা.pdf
ঢাকা বিভাগ,Dhaka Division,ঢাকা জেলা,Dhaka District,9,সদরঘাট ফায়ার স্টেশন,Sadarghat Fire Station,০১৯০১০২০৭৫০,01901020750,ঢাকা.pdf
ঢাকা বিভাগ,Dhaka Division,ঢাকা জেলা,Dhaka District,10,সদরঘাট নদী ফায়ার স্টেশন,Sadarghat River Fire Station,০১৯০১০২০৭৫২,01901020752,ঢাকা.pdf
ঢাকা বিভাগ,Dhaka Division,ঢাকা জেলা,Dhaka District,11,পোস্ত্মগোলা ফায়ার স্টেশন,Postmgola Fire Station,০১৯০১০২০৭৫৬,01901020756,ঢাকা.pdf
ঢাকা বিভাগ,Dhaka Division,ঢাকা জেলা,Dhaka District,12,লালবাগ ফায়ার স্টেশন,Lalbag Fire Station,০১৯০১০২০৭৭০,01901020770,ঢাকা.pdf
ঢাকা বিভাগ,Dhaka Division,ঢাকা জেলা,Dhaka District,13,পলাশী ব্যারাক ফায়ার স্টেশন,Palashi Byarak Fire Station,০১৯০১০২০৭৭৪,01901020774,ঢাকা.pdf
ঢাকা বিভাগ,Dhaka Division,ঢাকা জেলা,Dhaka District,14,খিলগাঁও ফায়ার স্টেশন,Khilgano Fire Station,০১৯০১০২০৭৬০,01901020760,ঢাকা.pdf
ঢাকা বিভাগ,Dhaka Division,ঢাকা জেলা,Dhaka District,15,তেজগাঁও ফায়ার স্টেশন,Tejgano Fire Station,০১৯০১০২০৭৫৮,01901020758,ঢাকা.pdf
ঢাকা বিভাগ,Dhaka Division,ঢাকা জেলা,Dhaka District,16,মোহাম্মদপুর ফায়ার স্টেশন,Mohammdpur Fire Station,০১৯০১০২০৭৬২,01901020762,ঢাকা.pdf
ঢাকা বিভাগ,Dhaka Division,ঢাকা জেলা,Dhaka District,17,মিরপুর ফায়ার স্টেশন,Mirpur Fire Station,০১৯০১০২০৭৬৪,01901020764,ঢাকা.pdf
ঢাকা বিভাগ,Dhaka Division,ঢাকা জেলা,Dhaka District,18,কুমিরতলা ফায়ার স্টেশন,Kumirtla Fire Station,০১৯০১০২০৭৬৮,01901020768,ঢাকা.pdf
ঢাকা বিভাগ,Dhaka Division,ঢাকা জেলা,Dhaka District,19,উত্তরা ফায়ার স্টেশন,Uttra Fire Station,০১৯০১০২০৭৮২,01901020782,ঢাকা.pdf
ঢাকা বিভাগ,Dhaka Division,ঢাকা জেলা,Dhaka District,20,ডিইপিজেড ফায়ার স্টেশন,DEPZ Fire Station,০১৯০১০২০৮২২,01901020822,ঢাকা.pdf
ঢাকা বিভাগ,Dhaka Division,ঢাকা জেলা,Dhaka District,21,ডেমরা ফায়ার স্টেশন,Demra Fire Station,০১৯০১০২০৭৭৮,01901020778,ঢাকা.pdf
ঢাকা বিভাগ,Dhaka Division,ঢাকা জেলা,Dhaka District,22,বারিধারা ফায়ার স্টেশন,Baridhara Fire Station,০১৯০১০২০৭৮০,01901020780,ঢাকা.pdf
ঢাকা বিভাগ,Dhaka Division,ঢাকা জেলা,Dhaka District,23,সাভার ফায়ার স্টেশন,Savar Fire Station,০১৯০১০২০৮২০,01901020820,ঢাকা.pdf
ঢাকা বিভাগ,Dhaka Division,ঢাকা জেলা,Dhaka District,24,দোহার ফায়ার স্টেশন,Dohar Fire Station,০১৯০১০২০৮০৮,01901020808,ঢাকা.pdf
ঢাকা বিভাগ,Dhaka Division,ঢাকা জেলা,Dhaka District,25,হাজারীবাগ ফায়ার স্টেশন,Hajaribag Fire Station,০১৯০১০২০৭৭৬,01901020776,ঢাকা.pdf
ঢাকা বিভাগ,Dhaka Division,ঢাকা জেলা,Dhaka District,26,ধামরাই ফায়ার স্টেশন,Dhamrai Fire Station,০১৯০১০২০৮০৪,01901020804,ঢাকা.pdf
ঢাকা বিভাগ,Dhaka Division,ঢাকা জেলা,Dhaka District,27,কেরানীগঞ্জ ফায়ার স্টেশন,Keraniganj Fire Station,০১৯০১০২০৮১০,01901020810,ঢাকা.pdf
ঢাকা বিভাগ,Dhaka Division,ঢাকা জেলা,Dhaka District,28,সচিবালায় ফায়ার স্টেশন,Secretariat Fire Station,০২-৯৫১৫৫৫৫,029515555,ঢাকা.pdf
ঢাকা বিভাগ,Dhaka Division,ঢাকা জেলা,Dhaka District,29,সুত্রাপুর ফায়ার স্টেশন,Sutrapur Fire Station,০১৯০১০২০৭৫৪,01901020754,ঢাকা.pdf
ঢাকা বিভাগ,Dhaka Division,ঢাকা জেলা,Dhaka District,30,কল্যাণপুর ফায়ার স্টেশন,Klyanpur Fire Station,০১৯০১০২০৭৬৬,01901020766,ঢাকা.pdf
ঢাকা বিভাগ,Dhaka Division,ঢাকা জেলা,Dhaka District,31,চামড়া শিল্পনগরী ফায়ার স্টেশন,Chamra Shilpngri Fire Station,০১৯০১০২০৮২৪,01901020824,ঢাকা.pdf
ঢাকা বিভাগ,Dhaka Division,ঢাকা জেলা,Dhaka District,32,ভাষানটেক ফায়ার স্টেশন,Bhashantek Fire Station,০১৯০১০২০৭৭২,01901020772,ঢাকা.pdf
ঢাকা বিভাগ,Dhaka Division,ঢাকা জেলা,Dhaka District,33,কল্যাণপুর ফায়ার স্টেশন,Klyanpur Fire Station,০১৯০১০২০৭৬৬,01901020766,ঢাকা.pdf
ঢাকা বিভাগ,Dhaka Division,ঢাকা জেলা,Dhaka District,34,সাভার (জিরাবো) ফায়ার স্টেশন,Savar Jirabo Fire Station,০১৯০১০২০৮২৬,01901020826,ঢাকা.pdf
ঢাকা বিভাগ,Dhaka Division,ঢাকা জেলা,Dhaka District,35,পল্লবী ফায়ার স্টেশন,Pllbi Fire Station,০১৯০১০২০৭৮৪,01901020784,ঢাকা.pdf
ঢাকা বিভাগ,Dhaka Division,নারায়ণগঞ্জ জেলা,Narayanganj District,1,"উপসহকারী পরিচালক,নারায়ণগঞ্জ,জোন-১",Deputy Assistant Director Narayanganj Zone 1,০১৯০১০২০৭১০,01901020710,ঢাকা.pdf
ঢাকা বিভাগ,Dhaka Division,নারায়ণগঞ্জ জেলা,Narayanganj District,2,"উপসহকারী পরিচালক,নারায়ণগঞ্জ,জোন-২",Deputy Assistant Director Narayanganj Zone 2,০১৯০১০২০৭০৫,01901020705,ঢাকা.pdf
ঢাকা বিভাগ,Dhaka Division,নারায়ণগঞ্জ জেলা,Narayanganj District,3,নারায়ণগঞ্জ ফায়ার স্টেশন,Narayanganj Fire Station,০১৯০১০২০৮২৮,01901020828,ঢাকা.pdf
ঢাকা বিভাগ,Dhaka Division,নারায়ণগঞ্জ জেলা,Narayanganj District,4,হাজীগঞ্জ ফায়ার স্টেশন,Hajiganj Fire Station,০১৯০১০২০৮৩০,01901020830,ঢাকা.pdf
ঢাকা বিভাগ,Dhaka Division,নারায়ণগঞ্জ জেলা,Narayanganj District,5,বন্দর ফায়ার স্টেশন,Bandar Fire Station,০১৯০১০২০৮৫০,01901020850,ঢাকা.pdf
ঢাকা বিভাগ,Dhaka Division,নারায়ণগঞ্জ জেলা,Narayanganj District,6,নারায়ণগঞ্জ নদী ফায়ার স্টেশন,Narayanganj River Fire Station,০১৯০১০২০৮৩৬,01901020836,ঢাকা.pdf
ঢাকা বিভাগ,Dhaka Division,নারায়ণগঞ্জ জেলা,Narayanganj District,7,কাঞ্চন নদী ফায়ার স্টেশন,Kanychn River Fire Station,০১৯০১০২০৮৫৪,01901020854,ঢাকা.pdf
ঢাকা বিভাগ,Dhaka Division,নারায়ণগঞ্জ জেলা,Narayanganj District,8,আদমজী (ইপিজেড) ফায়ার স্টেশন,Admji Ipijed Fire Station,০১৯০১০২০৮৩২,01901020832,ঢাকা.pdf
ঢাকা বিভাগ,Dhaka Division,নারায়ণগঞ্জ জেলা,Narayanganj District,9,আড়াইহাজার ফায়ার স্টেশন,Araihajar Fire Station,০১৯০১০২০৮৪২,01901020842,ঢাকা.pdf
ঢাকা বিভাগ,Dhaka Division,নারায়ণগঞ্জ জেলা,Narayanganj District,10,ফতুলস্না ফায়ার স্টেশন,Ftulsna Fire Station,০১৯০১০২০৮৩৮,01901020838,ঢাকা.pdf
ঢাকা বিভাগ,Dhaka Division,নারায়ণগঞ্জ জেলা,Narayanganj District,11,সোনারগাঁও ফায়ার স্টেশন,Sonargaono Fire Station,০১৯০১০২০৮৪৬,01901020846,ঢাকা.pdf
ঢাকা বিভাগ,Dhaka Division,নারায়ণগঞ্জ জেলা,Narayanganj District,12,পূবার্চল ফায়ার স্টেশন,Pubarchl Fire Station,০১৯০১০২০৮৫৮,01901020858,ঢাকা.pdf
ঢাকা বিভাগ,Dhaka Division,গাজীপুর জেলা,Gazipur District,1,"উপসহকারী পরিচালক, গাজীপুর",Deputy Assistant Director Gazipur,০১৯০১০২০৭০৯,01901020709,ঢাকা.pdf
ঢাকা বিভাগ,Dhaka Division,গাজীপুর জেলা,Gazipur District,3,জয়দেবপুর ফায়ার স্টেশন,Jydebpur Fire Station,০১৯০১০২০৮৬৮,01901020868,ঢাকা.pdf
ঢাকা বিভাগ,Dhaka Division,গাজীপুর জেলা,Gazipur District,4,টঙ্গী ফায়ার স্টেশন,Tnggi Fire Station,০১৯০১০২০৮৬৬,01901020866,ঢাকা.pdf
ঢাকা বিভাগ,Dhaka Division,গাজীপুর জেলা,Gazipur District,5,কালিয়াকৈর ফায়ার স্টেশন,Kaliakair Fire Station,০১৯০১০২০৮৯২,01901020892,ঢাকা.pdf
ঢাকা বিভাগ,Dhaka Division,গাজীপুর জেলা,Gazipur District,5,শ্রীপুর ফায়ার স্টেশন,Sreepur Fire Station,০১৯০১০২০৯০০,01901020900,ঢাকা.pdf
ঢাকা বিভাগ,Dhaka Division,গাজীপুর জেলা,Gazipur District,6,কালীগঞ্জ ফায়ার স্টেশন,Kaliganj Fire Station,০১৯০১০২০৮৯৬,01901020896,ঢাকা.pdf
ঢাকা বিভাগ,Dhaka Division,গাজীপুর জেলা,Gazipur District,7,সমরাস্ত্র কারখানা ফায়ার স্টেশন,Smrastr Karkhana Fire Station,০১৯০১০২০৭২১,01901020721,ঢাকা.pdf
ঢাকা বিভাগ,Dhaka Division,গাজীপুর জেলা,Gazipur District,8,কাশিমপুর মিনি ফায়ার স্টেশন,Kashimpur Mini Fire Station,০১৭৫৫-৬৩০০৯৪,01755630094,ঢাকা.pdf
ঢাকা বিভাগ,Dhaka Division,গাজীপুর জেলা,Gazipur District,9,কাপাসিয়া ফায়ার স্টেশন,Kapasia Fire Station,০১৯০১০২০৮৯৮,01901020898,ঢাকা.pdf
ঢাকা বিভাগ,Dhaka Division,গাজীপুর জেলা,Gazipur District,10,সারাবাড়ী (কাশিমপুর) ফায়ার স্টেশন,Sarabari Kashimpur Fire Station,০১৯০১০২০৮৭২,01901020872,ঢাকা.pdf
ঢাকা বিভাগ,Dhaka Division,মুন্সিগঞ্জ জেলা,Munshiganj District,1,"উপসহকারী পরিচালক, মুন্সিগঞ্জ",Deputy Assistant Director Munshiganj,০১৯০১০২০৭১২,01901020712,ঢাকা.pdf
ঢাকা বিভাগ,Dhaka Division,মুন্সিগঞ্জ জেলা,Munshiganj District,2,মুন্সিগঞ্জ ফায়ার স্টেশন,Munshiganj Fire Station,০১৯০১০২০৯২৪,01901020924,ঢাকা.pdf
ঢাকা বিভাগ,Dhaka Division,মুন্সিগঞ্জ জেলা,Munshiganj District,3,কমলাঘাট নদী ফায়ার স্টেশন,Kmlaghat River Fire Station,০১৯০১০২০৯২৬,01901020926,ঢাকা.pdf
ঢাকা বিভাগ,Dhaka Division,মুন্সিগঞ্জ জেলা,Munshiganj District,4,শ্রীনগর ফায়ার স্টেশন,Sreenagar Fire Station,০১৯০১০২০৯৩৪,01901020934,ঢাকা.pdf
ঢাকা বিভাগ,Dhaka Division,মুন্সিগঞ্জ জেলা,Munshiganj District,5,গজারিয়া ফায়ার স্টেশন,Gajaria Fire Station,০১৯০১০২০৯২৮,01901020928,ঢাকা.pdf
ঢাকা বিভাগ,Dhaka Division,মুন্সিগঞ্জ জেলা,Munshiganj District,6,সিরাজদিখান ফায়ার স্টেশন,Sirajdikhan Fire Station,০১৯০১০২০৯৪০,01901020940,ঢাকা.pdf
ঢাকা বিভাগ,Dhaka Division,মুন্সিগঞ্জ জেলা,Munshiganj District,7,লৌহজং ফায়ার স্টেশন,Louhajanj Fire Station,০১৯০১০২০৯৩৬,01901020936,ঢাকা.pdf
ঢাকা বিভাগ,Dhaka Division,নরসিংদী জেলা,Narsingdi District,1,"উপসহকারী পরিচালক, নরসিংদী",Deputy Assistant Director Narsingdi,০১৯০১০২০৭১৩,01901020713,ঢাকা.pdf
ঢাকা বিভাগ,Dhaka Division,নরসিংদী জেলা,Narsingdi District,2,নরসিংদী ফায়ার স্টেশন,Narsingdi Fire Station,০১৯০১০২০৯০২,01901020902,ঢাকা.pdf
ঢাকা বিভাগ,Dhaka Division,নরসিংদী জেলা,Narsingdi District,3,মনোহরদী ফায়ার স্টেশন,Monohardi Fire Station,০১৯০১০২০৯১২,01901020912,ঢাকা.pdf
ঢাকা বিভাগ,Dhaka Division,নরসিংদী জেলা,Narsingdi District,4,পলাশ ফায়ার স্টেশন,Palash Fire Station,০১৯০১০২০৯১৪,01901020914,ঢাকা.pdf
ঢাকা বিভাগ,Dhaka Division,নরসিংদী জেলা,Narsingdi District,6,মাধবদী ফায়ার স্টেশন,Madhbdi Fire Station,০১৯০১০২০৯০৪,01901020904,ঢাকা.pdf
ঢাকা বিভাগ,Dhaka Division,নরসিংদী জেলা,Narsingdi District,7,রায়পুরা ফায়ার স্টেশন,Raipura Fire Station,০১৯০১০২০৯১৮,01901020918,ঢাকা.pdf
ঢাকা বিভাগ,Dhaka Division,নরসিংদী জেলা,Narsingdi District,8,শিবপুর ফায়ার স্টেশন,Shibpur Fire Station,০১৯০১০২০৯২০,01901020920,ঢাকা.pdf
ঢাকা বিভাগ,Dhaka Division,নরসিংদী জেলা,Narsingdi District,9,বেলাব ফায়ার স্টেশন,Belab Fire Station,০১৯০১০২০৯১০,01901020910,ঢাকা.pdf
ঢাকা বিভাগ,Dhaka Division,মানিকগঞ্জ জেলা,Manikganj District,1,"উপসহকারী পরিচালক, মানিকগঞ্জ",Deputy Assistant Director Manikganj,০১৯০১০২০৭১৪,01901020714,ঢাকা.pdf
ঢাকা বিভাগ,Dhaka Division,মানিকগঞ্জ জেলা,Manikganj District,2,মানিকগঞ্জ ফায়ার স্টেশন,Manikganj Fire Station,০১৯০১০২০৯৪৬,01901020946,ঢাকা.pdf
ঢাকা বিভাগ,Dhaka Division,মানিকগঞ্জ জেলা,Manikganj District,3,ঘিওর ফায়ার স্টেশন,Gior Fire Station,০১৯০১০২০৯৪৮,01901020948,ঢাকা.pdf
ঢাকা বিভাগ,Dhaka Division,মানিকগঞ্জ জেলা,Manikganj District,4,আরিচা স্থল-কাম নদী ফায়ার স্টেশন,Aricha Land Cum River Fire Station,০১৯০১০২০৯৫২,01901020952,ঢাকা.pdf
ঢাকা বিভাগ,Dhaka Division,মানিকগঞ্জ জেলা,Manikganj District,5,হরিরামপুর ফায়ার স্টেশন,Harirampur Fire Station,০১৯০১০২০৯৫০,01901020950,ঢাকা.pdf
ঢাকা বিভাগ,Dhaka Division,মানিকগঞ্জ জেলা,Manikganj District,6,সিংগাইর ফায়ার স্টেশন,Singiar Fire Station,০১৯০১০২০৯৫৪,01901020954,ঢাকা.pdf
ঢাকা বিভাগ,Dhaka Division,মানিকগঞ্জ জেলা,Manikganj District,7,দৌলতপুর ফায়ার স্টেশন,Daulatpur Fire Station,০১৯০১০২০৯৬০,01901020960,ঢাকা.pdf
ঢাকা বিভাগ,Dhaka Division,মানিকগঞ্জ জেলা,Manikganj District,8,সাটুরিয়া ফায়ার স্টেশন,Saturia Fire Station,০১৯০১০২০৯৫৬,01901020956,ঢাকা.pdf
ঢাকা বিভাগ,Dhaka Division,টাঙ্গাইল জেলা,Tangail District,1,"সহকারী পরিচালক, টাঙ্গাইল",Assistant Director Tangail,০১৯০১০২০১০৪,01901020104,ঢাকা.pdf
ঢাকা বিভাগ,Dhaka Division,টাঙ্গাইল জেলা,Tangail District,2,টাঙ্গাইল ফায়ার স্টেশন,Tangail Fire Station,০১৯০১০২০৯৬২,01901020962,ঢাকা.pdf
ঢাকা বিভাগ,Dhaka Division,টাঙ্গাইল জেলা,Tangail District,3,মধুপুর ফায়ার স্টেশন,Madhupur Fire Station,০১৯০১০২০৯৭৬,01901020976,ঢাকা.pdf
ঢাকা বিভাগ,Dhaka Division,টাঙ্গাইল জেলা,Tangail District,4,মিজার্পুর ফায়ার স্টেশন,Mijarpur Fire Station,০১৯০১০২০৯৮০,01901020980,ঢাকা.pdf
ঢাকা বিভাগ,Dhaka Division,টাঙ্গাইল জেলা,Tangail District,5,বাসাইল ফায়ার স্টেশন,Basail Fire Station,০১৯০১০২০৯৬৪,01901020964,ঢাকা.pdf
ঢাকা বিভাগ,Dhaka Division,টাঙ্গাইল জেলা,Tangail District,6,সখিপুর ফায়ার স্টেশন,Sakhipur Fire Station,০১৯০১০২০৯৮৬,01901020986,ঢাকা.pdf
ঢাকা বিভাগ,Dhaka Division,টাঙ্গাইল জেলা,Tangail District,7,নাগরপুর ফায়ার স্টেশন,Nagarpur Fire Station,০১৯০১০২০৯৮৪,01901020984,ঢাকা.pdf
ঢাকা বিভাগ,Dhaka Division,টাঙ্গাইল জেলা,Tangail District,8,ভুঞাপুর ফায়ার স্টেশন,Bhunyapur Fire Station,০১৯০১০২০৯৬৬,01901020966,ঢাকা.pdf
ঢাকা বিভাগ,Dhaka Division,টাঙ্গাইল জেলা,Tangail District,9,ধনবাড়ি ফায়ার স্টেশন,Dhnbari Fire Station,০১৯০১০২০৯৭৮,01901020978,ঢাকা.pdf
ঢাকা বিভাগ,Dhaka Division,টাঙ্গাইল জেলা,Tangail District,10,কালিহাতি ফায়ার স্টেশন,Kalihati Fire Station,০১৯০১০২০৯৭০,01901020970,ঢাকা.pdf
ঢাকা বিভাগ,Dhaka Division,টাঙ্গাইল জেলা,Tangail District,11,গোপালপুর ফায়ার স্টেশন,Gopalpur Fire Station,০১৯০১০২০৯৬৮,01901020968,ঢাকা.pdf
ঢাকা বিভাগ,Dhaka Division,টাঙ্গাইল জেলা,Tangail District,12,ঘাটাইল ফায়ার স্টেশন,Ghatail Fire Station,০১৯০১০২০৯৮৮,01901020988,ঢাকা.pdf
ঢাকা বিভাগ,Dhaka Division,টাঙ্গাইল জেলা,Tangail District,13,এয ঙ্গো ফায়ার স্টেশন,Ey Nggo Fire Station,০১৯০১০২০৯৭২,01901020972,ঢাকা.pdf
ঢাকা বিভাগ,Dhaka Division,টাঙ্গাইল জেলা,Tangail District,14,যে দুয়োর ফায়ার স্টেশন,Ye Duyor Fire Station,০১৯০১০২০৯৯২,01901020992,ঢাকা.pdf
ঢাকা বিভাগ,Dhaka Division,ফরিদপুর জেলা,Faridpur District,1,"সহকারী পরিচালক, ফরিদপুর",Assistant Director Faridpur,০১৯০১০২০১০৬,01901020106,ঢাকা.pdf
ঢাকা বিভাগ,Dhaka Division,ফরিদপুর জেলা,Faridpur District,2,ফরিদপুর ফায়ার স্টেশন,Faridpur Fire Station,০১৯০১০২০৯৯৬,01901020996,ঢাকা.pdf
ঢাকা বিভাগ,Dhaka Division,ফরিদপুর জেলা,Faridpur District,3,বোয়ালমারী ফায়ার স্টেশন,Boalmari Fire Station,০১৯০১০২১০০৮,01901021008,ঢাকা.pdf
ঢাকা বিভাগ,Dhaka Division,ফরিদপুর জেলা,Faridpur District,4,ভাঙ্গা ফায়ার স্টেশন,Bhanga Fire Station,০১৯০১০২১০০৬,01901021006,ঢাকা.pdf
ঢাকা বিভাগ,Dhaka Division,ফরিদপুর জেলা,Faridpur District,5,মধুখালি ফায়ার স্টেশন,Mdhukhali Fire Station,০১৯০১০২১০১৪,01901021014,ঢাকা.pdf
ঢাকা বিভাগ,Dhaka Division,ফরিদপুর জেলা,Faridpur District,6,সদরপুর ফায়ার স্টেশন,Sadarpur Fire Station,০১৯০১০২১০১০,01901021010,ঢাকা.pdf
ঢাকা বিভাগ,Dhaka Division,ফরিদপুর জেলা,Faridpur District,7,সালথা ফায়ার স্টেশন,Saltha Fire Station,০১৯০১০২১০১৬,01901021016,ঢাকা.pdf
ঢাকা বিভাগ,Dhaka Division,ফরিদপুর জেলা,Faridpur District,8,নগরকান্দা ফায়ার স্টেশন,Nagarkanda Fire Station,০১৯০১০২১০০২,01901021002,ঢাকা.pdf
ঢাকা বিভাগ,Dhaka Division,রাজবাড়ি জেলা,Rajbari District,1,"উপসহকারী পরিচালক, রাজবাড়ী",Deputy Assistant Director Rajbari,০১৯০১০২০৭১৯,01901020719,ঢাকা.pdf
ঢাকা বিভাগ,Dhaka Division,রাজবাড়ি জেলা,Rajbari District,2,পাংশা ফায়ার স্টেশন,Pangsa Fire Station,০১৯০১০২১০৩০,01901021030,ঢাকা.pdf
ঢাকা বিভাগ,Dhaka Division,রাজবাড়ি জেলা,Rajbari District,3,রাজবাড়ী ফায়ার স্টেশন,Rajbari Fire Station,০১৯০১০২১০২৪,01901021024,ঢাকা.pdf
ঢাকা বিভাগ,Dhaka Division,রাজবাড়ি জেলা,Rajbari District,4,বালিয়াকান্দি ফায়ার স্টেশন,Baliakandi Fire Station,০১৯০১০২১০২৬,01901021026,ঢাকা.pdf
ঢাকা বিভাগ,Dhaka Division,রাজবাড়ি জেলা,Rajbari District,5,গোয়ালন্দ ফায়ার স্টেশন,Goalanda Fire Station,০১৯০১০২১০২৮,01901021028,ঢাকা.pdf
ঢাকা বিভাগ,Dhaka Division,রাজবাড়ি জেলা,Rajbari District,6,কালুখালী ফায়ার স্টেশন,Kalukhali Fire Station,০১৯০১০২১০৩২,01901021032,ঢাকা.pdf
ঢাকা বিভাগ,Dhaka Division,মাদারীপুর জেলা,Madaripur District,1,"উপসহকারী পরিচালক, মাদারীপুর",Deputy Assistant Director Madaripur,০১৯০১০২০৭১৮,01901020718,ঢাকা.pdf
ঢাকা বিভাগ,Dhaka Division,মাদারীপুর জেলা,Madaripur District,2,মাদারীপুর ফায়ার স্টেশন,Madaripur Fire Station,০১৯০১০২১০৩৪,01901021034,ঢাকা.pdf
ঢাকা বিভাগ,Dhaka Division,মাদারীপুর জেলা,Madaripur District,3,শিবচর ফায়ার স্টেশন,Shibchar Fire Station,০১৯০১০২১০৩৬,01901021036,ঢাকা.pdf
ঢাকা বিভাগ,Dhaka Division,মাদারীপুর জেলা,Madaripur District,4,রাজৈর ফায়ার স্টেশন,Rajoir Fire Station,০১৯০১০২১০৩৮,01901021038,ঢাকা.pdf
ঢাকা বিভাগ,Dhaka Division,মাদারীপুর জেলা,Madaripur District,5,কালকিনি ফায়ার স্টেশন,Kalkini Fire Station,০১৯০১০২১০৪২,01901021042,ঢাকা.pdf
ঢাকা বিভাগ,Dhaka Division,মাদারীপুর জেলা,Madaripur District,6,জাজিরা হাইওয়ে টোল প্লাজা ফায়ার স্টেশন,Zajira Haioye Tol Plaja Fire Station,০১৯০১০২১০৪০,01901021040,ঢাকা.pdf
ঢাকা বিভাগ,Dhaka Division,গোপালগঞ্জ জেলা,Gopalganj District,1,"উপসহকারী পরিচালক, গোপালগঞ্জ",Deputy Assistant Director Gopalganj,০১৯০১০২০৭১৭,01901020717,ঢাকা.pdf
ঢাকা বিভাগ,Dhaka Division,গোপালগঞ্জ জেলা,Gopalganj District,2,গোপালগঞ্জ ফায়ার স্টেশন,Gopalganj Fire Station,০১৯০১০২১০৪৬,01901021046,ঢাকা.pdf
ঢাকা বিভাগ,Dhaka Division,গোপালগঞ্জ জেলা,Gopalganj District,3,টুঙ্গিপাড়া ফায়ার স্টেশন,Tunggipara Fire Station,০১৯০১০২১০৫৪,01901021054,ঢাকা.pdf
ঢাকা বিভাগ,Dhaka Division,গোপালগঞ্জ জেলা,Gopalganj District,4,মোকসুদপুর ফায়ার স্টেশন,Moksudpur Fire Station,০১৯০১০২১০৫২,01901021052,ঢাকা.pdf
ঢাকা বিভাগ,Dhaka Division,গোপালগঞ্জ জেলা,Gopalganj District,5,কোটালীপাড়া ফায়ার স্টেশন,Kotalipara Fire Station,০১৯০১০২১০৫০,01901021050,ঢাকা.pdf
ঢাকা বিভাগ,Dhaka Division,গোপালগঞ্জ জেলা,Gopalganj District,6,কাশিয়ানী ফায়ার স্টেশন,Kashiani Fire Station,০১৯০১০২১০৫৬,01901021056,ঢাকা.pdf
ঢাকা বিভাগ,Dhaka Division,শরীয়তপুর জেলা,Shariatpur District,1,"উপসহকারী পরিচালক, শরীয়তপুর",Deputy Assistant Director Shariatpur,০১৯০১০২০৭২০,01901020720,ঢাকা.pdf
ঢাকা বিভাগ,Dhaka Division,শরীয়তপুর জেলা,Shariatpur District,2,শরীয়তপুর ফায়ার স্টেশন,Shariatpur Fire Station,০১৯০১০২১০৫৮,01901021058,ঢাকা.pdf
ঢাকা বিভাগ,Dhaka Division,শরীয়তপুর জেলা,Shariatpur District,3,ডামুড্যা ফায়ার স্টেশন,Damudya Fire Station,০১৯০১০২১০৬০,01901021060,ঢাকা.pdf
ঢাকা বিভাগ,Dhaka Division,শরীয়তপুর জেলা,Shariatpur District,4,গোসাইরহাট ফায়ার স্টেশন,Gosairhat Fire Station,০১৯০১০২১০৬২,01901021062,ঢাকা.pdf
ঢাকা বিভাগ,Dhaka Division,শরীয়তপুর জেলা,Shariatpur District,5,জাজিরা ফায়ার স্টেশন,Zajira Fire Station,০১৯০১০২১০৬৬,01901021066,ঢাকা.pdf
ঢাকা বিভাগ,Dhaka Division,শরীয়তপুর জেলা,Shariatpur District,6,নাড়িয়া ফায়ার স্টেশন,Nariya Fire Station,০১৯০১০২১০৬৪,01901021064,ঢাকা.pdf
ঢাকা বিভাগ,Dhaka Division,শরীয়তপুর জেলা,Shariatpur District,7,ভেদরগঞ্জ ফায়ার স্টেশন,Bhedarganj Fire Station,০১৯০১০২১০৭০,01901021070,ঢাকা.pdf
ঢাকা বিভাগ,Dhaka Division,কিশোরগঞ্জ জেলা,Kishoreganj District,1,"উপসহকারী পরিচালক, কিশোরগঞ্জ",Deputy Assistant Director Kishoreganj,০১৯০১০২০৭২২,01901020722,ঢাকা.pdf
ঢাকা বিভাগ,Dhaka Division,কিশোরগঞ্জ জেলা,Kishoreganj District,2,কিশোরগঞ্জ ফায়ার স্টেশন,Kishoreganj Fire Station,০১৯০১০২১০৭৪,01901021074,ঢাকা.pdf
ঢাকা বিভাগ,Dhaka Division,কিশোরগঞ্জ জেলা,Kishoreganj District,3,বাজিতপুর ফায়ার স্টেশন,Bajitpur Fire Station,০১৯০১০২১০৮০,01901021080,ঢাকা.pdf
ঢাকা বিভাগ,Dhaka Division,কিশোরগঞ্জ জেলা,Kishoreganj District,4,ভৈরব বাজার ফায়ার স্টেশন,Bhairab Bajar Fire Station,০১৯০১০২১০৮২,01901021082,ঢাকা.pdf
ঢাকা বিভাগ,Dhaka Division,কিশোরগঞ্জ জেলা,Kishoreganj District,5,ভৈরব বাজার নদী ফায়ার স্টেশন,Bhairab Bajar River Fire Station,০১৯০১০২১০৮৪,01901021084,ঢাকা.pdf
ঢাকা বিভাগ,Dhaka Division,কিশোরগঞ্জ জেলা,Kishoreganj District,6,কুলিয়ারচর ফায়ার স্টেশন,Kuliarchar Fire Station,০১৯০১০২১০৮৬,01901021086,ঢাকা.pdf
ঢাকা বিভাগ,Dhaka Division,কিশোরগঞ্জ জেলা,Kishoreganj District,7,তাড়াইল ফায়ার স্টেশন,Tarail Fire Station,০১৯০১০২১০৮৮,01901021088,ঢাকা.pdf
ঢাকা বিভাগ,Dhaka Division,কিশোরগঞ্জ জেলা,Kishoreganj District,8,কটিয়াদি ফায়ার স্টেশন,Ktiyadi Fire Station,০১৯০১০২১০৯৬,01901021096,ঢাকা.pdf
ঢাকা বিভাগ,Dhaka Division,কিশোরগঞ্জ জেলা,Kishoreganj District,9,করিমগঞ্জ ফায়ার স্টেশন,Karimgonj Fire Station,০১৯০১০২১০৯৪,01901021094,ঢাকা.pdf
ঢাকা বিভাগ,Dhaka Division,কিশোরগঞ্জ জেলা,Kishoreganj District,10,মিঠামইন ফায়ার স্টেশন,Mithamoin Fire Station,০১৯০১০২১১০৪,01901021104,ঢাকা.pdf
ঢাকা বিভাগ,Dhaka Division,কিশোরগঞ্জ জেলা,Kishoreganj District,11,হোসেনপুর ফায়ার স্টেশন,Hossainpur Fire Station,০১৯০১০২১১০০,01901021100,ঢাকা.pdf
ঢাকা বিভাগ,Dhaka Division,কিশোরগঞ্জ জেলা,Kishoreganj District,12,পাকুন্দিয়া ফায়ার স্টেশন,Pakundia Fire Station,১৯০১০২১০৯০,1901021090,ঢাকা.pdf
ঢাকা বিভাগ,Dhaka Division,কিশোরগঞ্জ জেলা,Kishoreganj District,13,ইটনা ফায়ার স্টেশন,Itna Fire Station,০১৯০১০২১১০৬,01901021106,ঢাকা.pdf
ঢাকা বিভাগ,Dhaka Division,কিশোরগঞ্জ জেলা,Kishoreganj District,14,অস্টগ্রাম ফায়ার স্টেশন,Ostgram Fire Station,০১৯০১০২১০৯৮,01901021098,ঢাকা.pdf
ঢাকা বিভাগ,Dhaka Division,কিশোরগঞ্জ জেলা,Kishoreganj District,15,নিকলী স্থল কাম নদী ফায়ার স্টেশন,Nikli Sthl Kam River Fire Station,০১৯০১০২১১০২,01901021102,ঢাকা.pdf
বরিশাল বিভাগ,Barishal Division,বরিশাল জেলা,Barishal District,1,"উপপরিচালক, বরিশাল",Deputy Director Barishal,০১৯০১০২০১৬০,01901020160,বরিশাল.pdf
বরিশাল বিভাগ,Barishal Division,বরিশাল জেলা,Barishal District,2,"সহকারী পরিচালক, বরিশাল জেলা",Assistant Director Barishal District,০১৯০১০২০১৬২,01901020162,বরিশাল.pdf
বরিশাল বিভাগ,Barishal Division,বরিশাল জেলা,Barishal District,3,বরিশাল ফায়ার স্টেশন,Barishal Fire Station,০১৯০১০২৩৯২১,01901023921,বরিশাল.pdf
বরিশাল বিভাগ,Barishal Division,বরিশাল জেলা,Barishal District,4,বরিশাল নদী ফায়ার স্টেশন,Barishal River Fire Station,০১৯০১০২৩৯২৩,01901023923,বরিশাল.pdf
বরিশাল বিভাগ,Barishal Division,বরিশাল জেলা,Barishal District,5,গৌরনদী ফায়ার স্টেশন,Gournadi Fire Station,০১৯০১০২৩৯৩১,01901023931,বরিশাল.pdf
বরিশাল বিভাগ,Barishal Division,বরিশাল জেলা,Barishal District,6,বানরীপাড়া ফায়ার স্টেশন,Banripara Fire Station,০১৯০১০২৩৯৩৭,01901023937,বরিশাল.pdf
বরিশাল বিভাগ,Barishal Division,বরিশাল জেলা,Barishal District,7,উজিরপুর ফায়ার স্টেশন,Wazirpur Fire Station,০১৯০১০২৩৯৩৩,01901023933,বরিশাল.pdf
বরিশাল বিভাগ,Barishal Division,বরিশাল জেলা,Barishal District,8,মেহেন্দীগঞ্জ ফায়ার স্টেশন,Mehendignyj Fire Station,০১৯০১০২৩৯৩৯,01901023939,বরিশাল.pdf
বরিশাল বিভাগ,Barishal Division,বরিশাল জেলা,Barishal District,9,বরিশাল দক্ষিন ফায়ার স্টেশন,Barishal Dkshin Fire Station,০১৯০১০২৩৯২৯,01901023929,বরিশাল.pdf
বরিশাল বিভাগ,Barishal Division,বরিশাল জেলা,Barishal District,10,বাকরেগঞ্জ ফায়ার স্টেশন,Bakregnyj Fire Station,০১৯০১০২৩৯৪৩,01901023943,বরিশাল.pdf
বরিশাল বিভাগ,Barishal Division,বরিশাল জেলা,Barishal District,11,বাবুগঞ্জ ফায়ার স্টেশন,Babuganj Fire Station,০১৯০১০২৩৯৪১,01901023941,বরিশাল.pdf
বরিশাল বিভাগ,Barishal Division,বরিশাল জেলা,Barishal District,12,হিজলা ফায়ার স্টেশন,Hizla Fire Station,০১৯০১০২৩৯৪৭,01901023947,বরিশাল.pdf
বরিশাল বিভাগ,Barishal Division,বরিশাল জেলা,Barishal District,13,মূলাদী ফায়ার স্টেশন,Muladi Fire Station,০১৯০১০২৩৯৪৯,01901023949,বরিশাল.pdf
বরিশাল বিভাগ,Barishal Division,পিরোজপুর জেলা,Pirojpur District,1,"উপসহকারী পরিচালক, পিরোজপুর",Deputy Assistant Director Pirojpur,০১৯০১০২৩৯০৪,01901023904,বরিশাল.pdf
বরিশাল বিভাগ,Barishal Division,পিরোজপুর জেলা,Pirojpur District,2,পিরোজপুর ফায়ার স্টেশন,Pirojpur Fire Station,০১৯০১০২৩৯৫৯,01901023959,বরিশাল.pdf
বরিশাল বিভাগ,Barishal Division,পিরোজপুর জেলা,Pirojpur District,3,মঠবাড়িয়া ফায়ার স্টেশন,Mthbariya Fire Station,০১৯০১০২৩৯৬৩,01901023963,বরিশাল.pdf
বরিশাল বিভাগ,Barishal Division,পিরোজপুর জেলা,Pirojpur District,4,ভান্ডারিয়া ফায়ার স্টেশন,Bhandaria Fire Station,০১৯০১০২৩৯৬১,01901023961,বরিশাল.pdf
বরিশাল বিভাগ,Barishal Division,পিরোজপুর জেলা,Pirojpur District,5,কাউখালী ফায়ার স্টেশন,Kawkhali Fire Station,০১৯০১০২৩৯৬৭,01901023967,বরিশাল.pdf
বরিশাল বিভাগ,Barishal Division,পিরোজপুর জেলা,Pirojpur District,6,নাজিরপুর ফায়ার স্টেশন,Nazirpur Fire Station,০১৯০১০২৩৯৬৫,01901023965,বরিশাল.pdf
বরিশাল বিভাগ,Barishal Division,পিরোজপুর জেলা,Pirojpur District,7,নেছারাবাদ ফায়ার স্টেশন,Nesarabad Fire Station,০১৯০১০২৩৯৬৯,01901023969,বরিশাল.pdf
বরিশাল বিভাগ,Barishal Division,পিরোজপুর জেলা,Pirojpur District,8,ইন্দুরকানী ফায়ার স্টেশন,Indurkani Fire Station,০১৯০১০২৩৯৭৩,01901023973,বরিশাল.pdf
বরিশাল বিভাগ,Barishal Division,ঝালকাঠী জেলা,Jhalkathi District,1,"উপ সহকারী পরিচালক, ঝালকাঠি",Deputy Assistant Director Jhalakathi,০১৯০১০২৩৯০৫,01901023905,বরিশাল.pdf
বরিশাল বিভাগ,Barishal Division,ঝালকাঠী জেলা,Jhalkathi District,2,ঝালকাঠি ফায়ার স্টেশন,Jhalakathi Fire Station,০১৯০১০২৩৯৫১,01901023951,বরিশাল.pdf
বরিশাল বিভাগ,Barishal Division,ঝালকাঠী জেলা,Jhalkathi District,3,নলছিটি ফায়ার স্টেশন,Nalchity Fire Station,০১৯০১০২৩৯৫৫,01901023955,বরিশাল.pdf
বরিশাল বিভাগ,Barishal Division,ঝালকাঠী জেলা,Jhalkathi District,4,কাঠালিয়া ফায়ার স্টেশন,Kathalia Fire Station,০১৯০১০২৩৯৫৩,01901023953,বরিশাল.pdf
বরিশাল বিভাগ,Barishal Division,ঝালকাঠী জেলা,Jhalkathi District,5,রাজাপুর ফায়ার স্টেশন,Rajapur Fire Station,০১৯০১০২৩৯৫৭,01901023957,বরিশাল.pdf
বরিশাল বিভাগ,Barishal Division,ভোলা জেলা,Bhola District,1,"উপ সহকারী পরিচালক, ভোলা",Deputy Assistant Director Bhola,০১৯০১০২৩৯০৬,01901023906,বরিশাল.pdf
বরিশাল বিভাগ,Barishal Division,ভোলা জেলা,Bhola District,2,ভোলা ফায়ার স্টেশন,Bhola Fire Station,০১৯০১০২৩৯৭৫,01901023975,বরিশাল.pdf
বরিশাল বিভাগ,Barishal Division,ভোলা জেলা,Bhola District,3,বোরহাউদ্দিন ফায়ার স্টেশন,Borhauddin Fire Station,০১৯০১০২৩৯৭৯,01901023979,বরিশাল.pdf
বরিশাল বিভাগ,Barishal Division,ভোলা জেলা,Bhola District,4,চরফ্যাশন ফায়ার স্টেশন,Charfesson Fire Station,০১৯০১০২৩৯৮১,01901023981,বরিশাল.pdf
বরিশাল বিভাগ,Barishal Division,ভোলা জেলা,Bhola District,5,লালমোহন ফায়ার স্টেশন,Lalmohan Fire Station,০১৯০১০২৩৯৮৫,01901023985,বরিশাল.pdf
বরিশাল বিভাগ,Barishal Division,ভোলা জেলা,Bhola District,6,দৌলতখান ফায়ার স্টেশন,Doulatkhan Fire Station,০১৯০১০২৩৯৮৩,01901023983,বরিশাল.pdf
বরিশাল বিভাগ,Barishal Division,ভোলা জেলা,Bhola District,7,তজুমদ্দিন ফায়ার স্টেশন,Tazumuddin Fire Station,০১৯০১০২৩৯৮৯,01901023989,বরিশাল.pdf
বরিশাল বিভাগ,Barishal Division,ভোলা জেলা,Bhola District,8,মনপুরা ফায়ার স্টেশন,Monpura Fire Station,০১৯০১০২৩৯৮৭,01901023987,বরিশাল.pdf
বরিশাল বিভাগ,Barishal Division,পটুয়াখালী জেলা,Patuakhali District,1,"সহকারী পরিচালক, পটুয়াখালী",Assistant Director Patuakhali,০১৯০১০২০১৬৪,01901020164,বরিশাল.pdf
বরিশাল বিভাগ,Barishal Division,পটুয়াখালী জেলা,Patuakhali District,2,পটুয়াখালী ফায়ার স্টেশন,Patuakhali Fire Station,০১৯০১০২৩৯৯৫,01901023995,বরিশাল.pdf
বরিশাল বিভাগ,Barishal Division,পটুয়াখালী জেলা,Patuakhali District,3,বাউফল ফায়ার স্টেশন,Bauphal Fire Station,০১৯০১০২৩৯৯৯,01901023999,বরিশাল.pdf
বরিশাল বিভাগ,Barishal Division,পটুয়াখালী জেলা,Patuakhali District,4,খেপুপাড়া ফায়ার স্টেশন,Khepupara Fire Station,০১৯০১০২৪০০৯,01901024009,বরিশাল.pdf
বরিশাল বিভাগ,Barishal Division,পটুয়াখালী জেলা,Patuakhali District,5,মিজার্গঞ্জ ফায়ার স্টেশন,Mijargnyj Fire Station,০১৯০১০২৪০০৭,01901024007,বরিশাল.pdf
বরিশাল বিভাগ,Barishal Division,পটুয়াখালী জেলা,Patuakhali District,6,পটুয়াখালী নদী ফায়ার স্টেশন,Patuakhali River Fire Station,০১৯০১০২৩৯৯৭,01901023997,বরিশাল.pdf
বরিশাল বিভাগ,Barishal Division,পটুয়াখালী জেলা,Patuakhali District,7,দশমনিা ফায়ার স্টেশন,Dshmnia Fire Station,০১৯০১০২৪০০১,01901024001,বরিশাল.pdf
বরিশাল বিভাগ,Barishal Division,বরগুনা জেলা,Barguna District,1,"উপসহকারী পরিচালক, বরগুনা",Deputy Assistant Director Barguna,০১৯০১০২৩৯০৭,01901023907,বরিশাল.pdf
বরিশাল বিভাগ,Barishal Division,বরগুনা জেলা,Barguna District,2,বরগুনা ফায়ার স্টেশন,Barguna Fire Station,০১৯০১০২৪০১৭,01901024017,বরিশাল.pdf
বরিশাল বিভাগ,Barishal Division,বরগুনা জেলা,Barguna District,3,আমতলী ফায়ার স্টেশন,Amtali Fire Station,০১৯০১০২৪০১৯,01901024019,বরিশাল.pdf
বরিশাল বিভাগ,Barishal Division,বরগুনা জেলা,Barguna District,4,পাথরঘাটা ফায়ার স্টেশন,Pathorghata Fire Station,০১৯০১০২৪০২১,01901024021,বরিশাল.pdf
বরিশাল বিভাগ,Barishal Division,বরগুনা জেলা,Barguna District,5,বানিা ফায়ার স্টেশন,Bania Fire Station,০১৯০১০২৪০২৩,01901024023,বরিশাল.pdf
বরিশাল বিভাগ,Barishal Division,বরগুনা জেলা,Barguna District,6,স্টবতাগী ফায়ার স্টেশন,Stbtagi Fire Station,০১৯০১০২৪০২৫,01901024025,বরিশাল.pdf
বরিশাল বিভাগ,Barishal Division,বরগুনা জেলা,Barguna District,7,তালতলী ফায়ার স্টেশন,Taltli Fire Station,০১৯০১০২৪০২৭,01901024027,বরিশাল.pdf
ময়মনসিংহ বিভাগ,Mymensingh Division,ময়মনসিংহ জেলা,Mymensingh District,1,"উপপরিচালক, ময়মনসিংহ",Deputy Director Mymensingh,০১৯০১০২০১৭০,01901020170,ময়মনসিংহ.pdf
ময়মনসিংহ বিভাগ,Mymensingh Division,ময়মনসিংহ জেলা,Mymensingh District,2,"সহকারী পরিচালক, ময়মনসিংহ",Assistant Director Mymensingh,০১৯০১০২০১৭২,01901020172,ময়মনসিংহ.pdf
ময়মনসিংহ বিভাগ,Mymensingh Division,ময়মনসিংহ জেলা,Mymensingh District,3,"উপসহকারী পরিচালক, ময়মনসিংহ",Deputy Assistant Director Mymensingh,০১৯০১০২৪২০৫,01901024205,ময়মনসিংহ.pdf
ময়মনসিংহ বিভাগ,Mymensingh Division,ময়মনসিংহ জেলা,Mymensingh District,5,ময়মনস ংিহ ফায়ার স্টেশন,Mymns Ngih Fire Station,০১৯০১০২৪২১৭,01901024217,ময়মনসিংহ.pdf
ময়মনসিংহ বিভাগ,Mymensingh Division,ময়মনসিংহ জেলা,Mymensingh District,6,মুক্তাগাছা ফায়ার স্টেশন,Muktagacha Fire Station,০১৯০১০২৪২২৭,01901024227,ময়মনসিংহ.pdf
ময়মনসিংহ বিভাগ,Mymensingh Division,ময়মনসিংহ জেলা,Mymensingh District,7,ঈশ্বরগঞ্জ ফায়ার স্টেশন,Iswarganj Fire Station,০১৯০১০২৪২৩৫,01901024235,ময়মনসিংহ.pdf
ময়মনসিংহ বিভাগ,Mymensingh Division,ময়মনসিংহ জেলা,Mymensingh District,8,ভালুকা ফায়ার স্টেশন,Bhaluka Fire Station,০১৯০১০২৪২২৯,01901024229,ময়মনসিংহ.pdf
ময়মনসিংহ বিভাগ,Mymensingh Division,ময়মনসিংহ জেলা,Mymensingh District,9,ফুলবাড়ীয়া ফায়ার স্টেশন,Fulbaria Fire Station,০১৯০১০২৪২৩৯,01901024239,ময়মনসিংহ.pdf
ময়মনসিংহ বিভাগ,Mymensingh Division,ময়মনসিংহ জেলা,Mymensingh District,10,ফুলপুর ফায়ার স্টেশন,Phulpur Fire Station,০১৯০১০২৪২৪১,01901024241,ময়মনসিংহ.pdf
ময়মনসিংহ বিভাগ,Mymensingh Division,ময়মনসিংহ জেলা,Mymensingh District,11,গফরগাও ঁ ফায়ার স্টেশন,Gfrgao N Fire Station,০১৯০১০২৪২৩১,01901024231,ময়মনসিংহ.pdf
ময়মনসিংহ বিভাগ,Mymensingh Division,ময়মনসিংহ জেলা,Mymensingh District,12,হালুয়াঘাট ফায়ার স্টেশন,Haluaghat Fire Station,০১৯০১০২৪২৪৩,01901024243,ময়মনসিংহ.pdf
ময়মনসিংহ বিভাগ,Mymensingh Division,ময়মনসিংহ জেলা,Mymensingh District,13,ত্রিশাল ফায়ার স্টেশন,Trishal Fire Station,০১৯০১০২৪২৪৫,01901024245,ময়মনসিংহ.pdf
ময়মনসিংহ বিভাগ,Mymensingh Division,ময়মনসিংহ জেলা,Mymensingh District,14,ধোবাউড়া ফায়ার স্টেশন,Dhobaura Fire Station,০১৯০১০২৪২৪৭,01901024247,ময়মনসিংহ.pdf
ময়মনসিংহ বিভাগ,Mymensingh Division,ময়মনসিংহ জেলা,Mymensingh District,15,নান্দাইল ফায়ার স্টেশন,Nandail Fire Station,০১৯০১০২৪২৪৯,01901024249,ময়মনসিংহ.pdf
ময়মনসিংহ বিভাগ,Mymensingh Division,ময়মনসিংহ জেলা,Mymensingh District,16,কৃষিবিশ্ববিদ্যালয় ফায়ার স্টেশন,Krishibishbbidyaly Fire Station,০১৯০১০২৪২২৫,01901024225,ময়মনসিংহ.pdf
ময়মনসিংহ বিভাগ,Mymensingh Division,ময়মনসিংহ জেলা,Mymensingh District,17,গৌরিপুর ফায়ার স্টেশন,Gouripur Fire Station,০১৯০১০২৪২৫৩,01901024253,ময়মনসিংহ.pdf
ময়মনসিংহ বিভাগ,Mymensingh Division,জামালপুর জেলা,Jamalpur District,1,"সহকারী পরিচালক, জামালপুর",Assistant Director Jamalpur,০১৯০১০২০১৭৪,01901020174,ময়মনসিংহ.pdf
ময়মনসিংহ বিভাগ,Mymensingh Division,জামালপুর জেলা,Jamalpur District,2,জামালপুর ফায়ার স্টেশন,Jamalpur Fire Station,০১৯০১০২৪২৭৫,01901024275,ময়মনসিংহ.pdf
ময়মনসিংহ বিভাগ,Mymensingh Division,জামালপুর জেলা,Jamalpur District,3,সরষিাবারি ফায়ার স্টেশন,Srshiabari Fire Station,০১৯০১০২৪২৯৩,01901024293,ময়মনসিংহ.pdf
ময়মনসিংহ বিভাগ,Mymensingh Division,জামালপুর জেলা,Jamalpur District,4,ইসলামপুর ফায়ার স্টেশন,Islampur Fire Station,০১৯০১০২৪২৮৫,01901024285,ময়মনসিংহ.pdf
ময়মনসিংহ বিভাগ,Mymensingh Division,জামালপুর জেলা,Jamalpur District,5,মেলান্দহ ফায়ার স্টেশন,Melandah Fire Station,০১৯০১০২৪২৯১,01901024291,ময়মনসিংহ.pdf
ময়মনসিংহ বিভাগ,Mymensingh Division,জামালপুর জেলা,Jamalpur District,6,দেওয়ানগঞ্জ ফায়ার স্টেশন,Dewangonj Fire Station,০১৯০১০২৪২৮৩,01901024283,ময়মনসিংহ.pdf
ময়মনসিংহ বিভাগ,Mymensingh Division,জামালপুর জেলা,Jamalpur District,7,মাদারগঞ্জ ফায়ার স্টেশন,Madarganj Fire Station,০১৯০১০২৪২৮৯,01901024289,ময়মনসিংহ.pdf
ময়মনসিংহ বিভাগ,Mymensingh Division,জামালপুর জেলা,Jamalpur District,8,বকশীগঞ্জ ফায়ার স্টেশন,Bokshiganj Fire Station,০১৯০১০২৪২৯৭,01901024297,ময়মনসিংহ.pdf
ময়মনসিংহ বিভাগ,Mymensingh Division,শেরপুর জেলা,Sherpur District,1,"উপসহকারী পরিচালক, শেরপুর",Deputy Assistant Director Sherpur,০১৯০১০২৪২০৪,01901024204,ময়মনসিংহ.pdf
ময়মনসিংহ বিভাগ,Mymensingh Division,শেরপুর জেলা,Sherpur District,2,শেরপুর ফায়ার স্টেশন,Sherpur Fire Station,০১৯০১০২৪২৯৯,01901024299,ময়মনসিংহ.pdf
ময়মনসিংহ বিভাগ,Mymensingh Division,শেরপুর জেলা,Sherpur District,3,নালিতাবাড়ী ফায়ার স্টেশন,Nalitabari Fire Station,০১৯০১০২৪৩০৫,01901024305,ময়মনসিংহ.pdf
ময়মনসিংহ বিভাগ,Mymensingh Division,শেরপুর জেলা,Sherpur District,4,ঝিনাইগাতি ফায়ার স্টেশন,Jhinaigati Fire Station,০১৯০১০২৪৩০১,01901024301,ময়মনসিংহ.pdf
ময়মনসিংহ বিভাগ,Mymensingh Division,শেরপুর জেলা,Sherpur District,5,শ্রীবরদী ফায়ার স্টেশন,Sreebordi Fire Station,০১৯০১০২৪৩১১,01901024311,ময়মনসিংহ.pdf
ময়মনসিংহ বিভাগ,Mymensingh Division,শেরপুর জেলা,Sherpur District,6,নকলা ফায়ার স্টেশন,Nokla Fire Station,০১৯০১০২৪৩০৯,01901024309,ময়মনসিংহ.pdf
ময়মনসিংহ বিভাগ,Mymensingh Division,নেত্রকোনা জেলা,Netrkona District,1,"উপসহকারী পরিচালক, নেত্রকোনা",Deputy Assistant Director Netrkona,০১৯০১০২৪২০৬,01901024206,ময়মনসিংহ.pdf
ময়মনসিংহ বিভাগ,Mymensingh Division,নেত্রকোনা জেলা,Netrkona District,2,নেত্রকোনা ফায়ার স্টেশন,Netrkona Fire Station,০১৯০১০২৪২৫৫,01901024255,ময়মনসিংহ.pdf
ময়মনসিংহ বিভাগ,Mymensingh Division,নেত্রকোনা জেলা,Netrkona District,3,মোহনগঞ্জ ফায়ার স্টেশন,Mohongonj Fire Station,০১৯০১০২৪২৬৯,01901024269,ময়মনসিংহ.pdf
ময়মনসিংহ বিভাগ,Mymensingh Division,নেত্রকোনা জেলা,Netrkona District,4,কেন্দুয়া ফায়ার স্টেশন,Kendua Fire Station,০১৯০১০২৪২৬৫,01901024265,ময়মনসিংহ.pdf
ময়মনসিংহ বিভাগ,Mymensingh Division,নেত্রকোনা জেলা,Netrkona District,5,কলমাকান্দা ফায়ার স্টেশন,Kalmakanda Fire Station,০১৯০১০২৪২৬৩,01901024263,ময়মনসিংহ.pdf
ময়মনসিংহ বিভাগ,Mymensingh Division,নেত্রকোনা জেলা,Netrkona District,6,মদন ফায়ার স্টেশন,Madan Fire Station,০১৯০১০২৪২৬৭,01901024267,ময়মনসিংহ.pdf
ময়মনসিংহ বিভাগ,Mymensingh Division,নেত্রকোনা জেলা,Netrkona District,7,দূগার্পুর ফায়ার স্টেশন,Dugarpur Fire Station,০১৯০১০২৪২৬১,01901024261,ময়মনসিংহ.pdf
ময়মনসিংহ বিভাগ,Mymensingh Division,নেত্রকোনা জেলা,Netrkona District,8,আটপাড়া ফায়ার স্টেশন,Atpara Fire Station,০১৯০১০২৪২৫৭,01901024257,ময়মনসিংহ.pdf
ময়মনসিংহ বিভাগ,Mymensingh Division,নেত্রকোনা জেলা,Netrkona District,9,বারহাট্টা ফায়ার স্টেশন,Barhatta Fire Station,০১৯০১০২৪২৫৯,01901024259,ময়মনসিংহ.pdf
ময়মনসিংহ বিভাগ,Mymensingh Division,নেত্রকোনা জেলা,Netrkona District,10,পূবর্ধলা ফায়ার স্টেশন,Pubrdhla Fire Station,০১৯০১০২৪২৭১,01901024271,ময়মনসিংহ.pdf
রংপুর বিভাগ,Rangpur Division,রংপুর জেলা,Rangpur District,1,"উপপরিচালক, রংপুর",Deputy Director Rangpur,০১৯০১০২০১৪০,01901020140,রংপুর.pdf
রংপুর বিভাগ,Rangpur Division,রংপুর জেলা,Rangpur District,2,"সহকারী পরিচালক, রংপুর",Assistant Director Rangpur,০১৯০১০২০১৪২,01901020142,রংপুর.pdf
রংপুর বিভাগ,Rangpur Division,রংপুর জেলা,Rangpur District,3,"উপ সহকারী পরিচালক, রংপুর",Deputy Assistant Director Rangpur,০১৯০১০২৩২০৩,01901023203,রংপুর.pdf
রংপুর বিভাগ,Rangpur Division,রংপুর জেলা,Rangpur District,4,রংপুর ফায়ার স্টেশন,Rangpur Fire Station,০১৯০১০২৩২৩১,01901023231,রংপুর.pdf
রংপুর বিভাগ,Rangpur Division,রংপুর জেলা,Rangpur District,5,হারাগাছ ফায়ার স্টেশন,Haragachh Fire Station,০১৯০১০২৩২৪১,01901023241,রংপুর.pdf
রংপুর বিভাগ,Rangpur Division,রংপুর জেলা,Rangpur District,6,বদরগঞ্জ ফায়ার স্টেশন,Badargonj Fire Station,০১৯০১০২৩২৩৫,01901023235,রংপুর.pdf
রংপুর বিভাগ,Rangpur Division,রংপুর জেলা,Rangpur District,7,কাউনিয়া ফায়ার স্টেশন,Kaunia Fire Station,০১৯০১০২৩২৩৯,01901023239,রংপুর.pdf
রংপুর বিভাগ,Rangpur Division,রংপুর জেলা,Rangpur District,8,মিঠাপুকুর ফায়ার স্টেশন,Mithapukur Fire Station,০১৯০১০২৩২৪৩,01901023243,রংপুর.pdf
রংপুর বিভাগ,Rangpur Division,রংপুর জেলা,Rangpur District,9,পীরগাছা ফায়ার স্টেশন,Pirgacha Fire Station,০১৯০১০২৩২৪৫,01901023245,রংপুর.pdf
রংপুর বিভাগ,Rangpur Division,রংপুর জেলা,Rangpur District,10,পীরগঞ্জ ফায়ার স্টেশন,Pirganj Fire Station,০১৯০১০২৩২৪৭,01901023247,রংপুর.pdf
রংপুর বিভাগ,Rangpur Division,রংপুর জেলা,Rangpur District,11,তারাগঞ্জ ফায়ার স্টেশন,Taragonj Fire Station,০১৯০১০২৩২৪৯,01901023249,রংপুর.pdf
রংপুর বিভাগ,Rangpur Division,রংপুর জেলা,Rangpur District,12,গঙ্গাচড়া ফায়ার স্টেশন,Gnggachra Fire Station,০১৯০১০২৩২৩৭,01901023237,রংপুর.pdf
রংপুর বিভাগ,Rangpur Division,গাইবান্ধা জেলা,Gaibandha District,1,"উপসহকারী পরিচালক, গাইবান্ধা",Deputy Assistant Director Gaibandha,০১৯০১০২৩২০৪,01901023204,রংপুর.pdf
রংপুর বিভাগ,Rangpur Division,গাইবান্ধা জেলা,Gaibandha District,2,গাইবান্ধা ফায়ার স্টেশন,Gaibandha Fire Station,০১৯০১০২৩৩২৩,01901023323,রংপুর.pdf
রংপুর বিভাগ,Rangpur Division,গাইবান্ধা জেলা,Gaibandha District,3,গোবিন্দগঞ্জ ফায়ার স্টেশন,Gobindaganj Fire Station,০১৯০১০২৩৩২৫,01901023325,রংপুর.pdf
রংপুর বিভাগ,Rangpur Division,গাইবান্ধা জেলা,Gaibandha District,4,ফুলছড়ি ফায়ার স্টেশন,Phulchari Fire Station,০১৯০১০২৩৩৩৩,01901023333,রংপুর.pdf
রংপুর বিভাগ,Rangpur Division,গাইবান্ধা জেলা,Gaibandha District,5,সাঘাটা ফায়ার স্টেশন,Saghata Fire Station,০১৯০১০২৩৩৩১,01901023331,রংপুর.pdf
রংপুর বিভাগ,Rangpur Division,গাইবান্ধা জেলা,Gaibandha District,6,সুন্দরগঞ্জ ফায়ার স্টেশন,Sundarganj Fire Station,০১৯০১০২৩৩২৭,01901023327,রংপুর.pdf
রংপুর বিভাগ,Rangpur Division,গাইবান্ধা জেলা,Gaibandha District,7,সাদুল্লাপুর ফায়ার স্টেশন,Sadullapur Fire Station,০১৯০১০২৩৩৩৫,01901023335,রংপুর.pdf
রংপুর বিভাগ,Rangpur Division,গাইবান্ধা জেলা,Gaibandha District,8,পলাশবাড়ী ফায়ার স্টেশন,Palashbari Fire Station,০১৯০১০২৩৩২৯,01901023329,রংপুর.pdf
রংপুর বিভাগ,Rangpur Division,কুড়িগ্রাম জেলা,Kurigram District,1,"উপসহকারী পরিচালক, কুড়িগ্রাম",Deputy Assistant Director Kurigram,০১৯০১০২৩২০৫,01901023205,রংপুর.pdf
রংপুর বিভাগ,Rangpur Division,কুড়িগ্রাম জেলা,Kurigram District,2,কুড়িগ্রাম ফায়ার স্টেশন,Kurigram Fire Station,০১৯০১০২৩৩৩৭,01901023337,রংপুর.pdf
রংপুর বিভাগ,Rangpur Division,কুড়িগ্রাম জেলা,Kurigram District,3,উলিপুর ফায়ার স্টেশন,Ulipur Fire Station,০১৯০১০২৩৩৪১,01901023341,রংপুর.pdf
রংপুর বিভাগ,Rangpur Division,কুড়িগ্রাম জেলা,Kurigram District,4,নাগেশ্বরী ফায়ার স্টেশন,Nageshwari Fire Station,০১৯০১০২৩৩৪৩,01901023343,রংপুর.pdf
রংপুর বিভাগ,Rangpur Division,কুড়িগ্রাম জেলা,Kurigram District,5,চিলমারী ফায়ার স্টেশন,Chilmari Fire Station,০১৯০১০২৩৩৪৫,01901023345,রংপুর.pdf
রংপুর বিভাগ,Rangpur Division,কুড়িগ্রাম জেলা,Kurigram District,6,কতীর্মারী ফায়ার স্টেশন,Ktirmari Fire Station,০১৯০১০২৩৩৪৭,01901023347,রংপুর.pdf
রংপুর বিভাগ,Rangpur Division,কুড়িগ্রাম জেলা,Kurigram District,7,রাজারহাট ফায়ার স্টেশন,Rajarhat Fire Station,০১৯০১০২৩৩৪৯,01901023349,রংপুর.pdf
রংপুর বিভাগ,Rangpur Division,কুড়িগ্রাম জেলা,Kurigram District,8,ফুলবাড়ী ফায়ার স্টেশন,Fulbari Fire Station,০১৯০১০২৩৩৫১,01901023351,রংপুর.pdf
রংপুর বিভাগ,Rangpur Division,কুড়িগ্রাম জেলা,Kurigram District,9,রাজিবপুর ফায়ার স্টেশন,Rajibpur Fire Station,০১৯০১০২৩৩৫৩,01901023353,রংপুর.pdf
রংপুর বিভাগ,Rangpur Division,লালমনিরহাট জেলা,Lalmonirhat District,1,"উপসহকারী পরিচালক, লালমনিরহাট",Deputy Assistant Director Lalmonirhat,০১৯০১০২৩২০৬,01901023206,রংপুর.pdf
রংপুর বিভাগ,Rangpur Division,লালমনিরহাট জেলা,Lalmonirhat District,2,লালমনিরহাট ফায়ার স্টেশন,Lalmonirhat Fire Station,০১৯০১০২৩৩৫৯,01901023359,রংপুর.pdf
রংপুর বিভাগ,Rangpur Division,লালমনিরহাট জেলা,Lalmonirhat District,3,পাটগ্রাম ফায়ার স্টেশন,Patgram Fire Station,০১৯০১০২৩৩৬১,01901023361,রংপুর.pdf
রংপুর বিভাগ,Rangpur Division,লালমনিরহাট জেলা,Lalmonirhat District,4,হাতিবান্ধা ফায়ার স্টেশন,Hatibandha Fire Station,০১৯০১০২৩৩৬৭,01901023367,রংপুর.pdf
রংপুর বিভাগ,Rangpur Division,লালমনিরহাট জেলা,Lalmonirhat District,5,কালীগঞ্জ ফায়ার স্টেশন,Kaliganj Fire Station,০১৯০১০২৩৩৬৫,01901023365,রংপুর.pdf
রংপুর বিভাগ,Rangpur Division,লালমনিরহাট জেলা,Lalmonirhat District,6,আদিতমারী ফায়ার স্টেশন,Aditmari Fire Station,০১৯০১০২৩৩৬৯,01901023369,রংপুর.pdf
রংপুর বিভাগ,Rangpur Division,নীলফামারী জেলা,Nilphamari District,1,"উপসহকারী পরিচালক, নীলফামারী",Deputy Assistant Director Nilphamari,০১৯০১০২৩২০৭,01901023207,রংপুর.pdf
রংপুর বিভাগ,Rangpur Division,নীলফামারী জেলা,Nilphamari District,2,নীলফামারী ফায়ার স্টেশন,Nilphamari Fire Station,০১৯০১০২৩৩০৭,01901023307,রংপুর.pdf
রংপুর বিভাগ,Rangpur Division,নীলফামারী জেলা,Nilphamari District,3,সৈয়দপুর ফায়ার স্টেশন,Syedpur Fire Station,০১৯০১০২৩৩১১,01901023311,রংপুর.pdf
রংপুর বিভাগ,Rangpur Division,নীলফামারী জেলা,Nilphamari District,4,উত্তরা ইপিজেড ফায়ার স্টেশন,Uttra Ipijed Fire Station,০১৯০১০২৩৩০৯,01901023309,রংপুর.pdf
রংপুর বিভাগ,Rangpur Division,নীলফামারী জেলা,Nilphamari District,5,কিশোরগঞ্জ ফায়ার স্টেশন,Kishoreganj Fire Station,০১৯০১০২৩৩১৯,01901023319,রংপুর.pdf
রংপুর বিভাগ,Rangpur Division,নীলফামারী জেলা,Nilphamari District,6,জলঢাকা ফায়ার স্টেশন,Jaldhaka Fire Station,০১৯০১০২৩৩১৭,01901023317,রংপুর.pdf
রংপুর বিভাগ,Rangpur Division,নীলফামারী জেলা,Nilphamari District,7,ডোমার ফায়ার স্টেশন,Domar Fire Station,০১৯০১০২৩৩১৩,01901023313,রংপুর.pdf
রংপুর বিভাগ,Rangpur Division,নীলফামারী জেলা,Nilphamari District,8,ডিমলা ফায়ার স্টেশন,Dimla Fire Station,০১৯০১০২৩৩২১,01901023321,রংপুর.pdf
রংপুর বিভাগ,Rangpur Division,নীলফামারী জেলা,Nilphamari District,9,চিলাহাটি ফায়ার স্টেশন,Chilahati Fire Station,০১৯০১০২৩৩১৫,01901023315,রংপুর.pdf
রংপুর বিভাগ,Rangpur Division,দিনাজপুর জেলা,Dinajpur District,1,"সহকারীপরিচালক, দিনাজপুর",Shkariprichalk Dinajpur,০১৯০১০২০১৪৪,01901020144,রংপুর.pdf
রংপুর বিভাগ,Rangpur Division,দিনাজপুর জেলা,Dinajpur District,2,দিনাজপুর ফায়ার স্টেশন,Dinajpur Fire Station,০১৯০১০২৩২৫১,01901023251,রংপুর.pdf
রংপুর বিভাগ,Rangpur Division,দিনাজপুর জেলা,Dinajpur District,3,পাবর্তীপুর ফায়ার স্টেশন,Pabrtipur Fire Station,০১৯০১০২৩২৫৯,01901023259,রংপুর.pdf
রংপুর বিভাগ,Rangpur Division,দিনাজপুর জেলা,Dinajpur District,4,ফুলবাড়ী ফায়ার স্টেশন,Fulbari Fire Station,০১৯০১০২৩২৬১,01901023261,রংপুর.pdf
রংপুর বিভাগ,Rangpur Division,দিনাজপুর জেলা,Dinajpur District,5,বিরামপুর ফায়ার স্টেশন,Birampur Fire Station,০১৯০১০২৩২৬৯,01901023269,রংপুর.pdf
রংপুর বিভাগ,Rangpur Division,দিনাজপুর জেলা,Dinajpur District,6,সেতাবগঞ্জ ফায়ার স্টেশন,Setabgnyj Fire Station,০১৯০১০২৩২৬৩,01901023263,রংপুর.pdf
রংপুর বিভাগ,Rangpur Division,দিনাজপুর জেলা,Dinajpur District,7,হিলি ফায়ার স্টেশন,Hili Fire Station,০১৯০১০২৩২৭৩,01901023273,রংপুর.pdf
রংপুর বিভাগ,Rangpur Division,দিনাজপুর জেলা,Dinajpur District,8,বীরগঞ্জ ফায়ার স্টেশন,Birganj Fire Station,০১৯০১০২৩২৭৯,01901023279,রংপুর.pdf
রংপুর বিভাগ,Rangpur Division,দিনাজপুর জেলা,Dinajpur District,9,চিরিরবন্দর ফায়ার স্টেশন,Chirirbandar Fire Station,০১৯০১০২৩২৬৫,01901023265,রংপুর.pdf
রংপুর বিভাগ,Rangpur Division,দিনাজপুর জেলা,Dinajpur District,10,খানসামা ফায়ার স্টেশন,Khansama Fire Station,০১৯০১০২৩২৭৭,01901023277,রংপুর.pdf
রংপুর বিভাগ,Rangpur Division,দিনাজপুর জেলা,Dinajpur District,11,ঘোড়াঘাট ফায়ার স্টেশন,Ghoraghat Fire Station,০১৯০১০২৩২৭১,01901023271,রংপুর.pdf
রংপুর বিভাগ,Rangpur Division,দিনাজপুর জেলা,Dinajpur District,12,নবাবগঞ্জ ফায়ার স্টেশন,Nawabganj Fire Station,০১৯০১০২৩২৮১,01901023281,রংপুর.pdf
রংপুর বিভাগ,Rangpur Division,দিনাজপুর জেলা,Dinajpur District,13,কাহারোল ফায়ার স্টেশন,Kaharol Fire Station,০১৯০১০২৩২৭৫,01901023275,রংপুর.pdf
রংপুর বিভাগ,Rangpur Division,দিনাজপুর জেলা,Dinajpur District,14,বিরল ফায়ার স্টেশন,Birol Fire Station,০১৯০১০২৩২৮৩,01901023283,রংপুর.pdf
রংপুর বিভাগ,Rangpur Division,ঠাকুরগাাঁও জেলা,Thakurgaano District,1,"উপসহকারী পরিচালক, ঠাকুরগাঁও",Deputy Assistant Director Thakurgaon,০১৯০১০২৩২০৮,01901023208,রংপুর.pdf
রংপুর বিভাগ,Rangpur Division,ঠাকুরগাাঁও জেলা,Thakurgaano District,2,ঠাকুরগাঁও ফায়ার স্টেশন,Thakurgaon Fire Station,০১৯০১০২৩২৮৫,01901023285,রংপুর.pdf
রংপুর বিভাগ,Rangpur Division,ঠাকুরগাাঁও জেলা,Thakurgaano District,3,পীরগঞ্জ ফায়ার স্টেশন,Pirganj Fire Station,০১৯০১০২৩২৯১,01901023291,রংপুর.pdf
রংপুর বিভাগ,Rangpur Division,ঠাকুরগাাঁও জেলা,Thakurgaano District,4,বালিয়াডাঙ্গী ফায়ার স্টেশন,Baliadangi Fire Station,০১৯০১০২৩২৮৭,01901023287,রংপুর.pdf
রংপুর বিভাগ,Rangpur Division,ঠাকুরগাাঁও জেলা,Thakurgaano District,5,রানীশংকৈল ফায়ার স্টেশন,Ranishngkoil Fire Station,০১৯০১০২৩২৯৫,01901023295,রংপুর.pdf
রংপুর বিভাগ,Rangpur Division,ঠাকুরগাাঁও জেলা,Thakurgaano District,6,হরিপুর ফায়ার স্টেশন,Haripur Fire Station,০১৯০১০২৩২৮৯,01901023289,রংপুর.pdf
রংপুর বিভাগ,Rangpur Division,পঞ্চগড় জেলা,Pnychgr District,1,"উপসহকারী পরিচালক, পঞ্চগড়",Deputy Assistant Director Pnychgr,০১৯০১০২৩২০৯,01901023209,রংপুর.pdf
রংপুর বিভাগ,Rangpur Division,পঞ্চগড় জেলা,Pnychgr District,2,পঞ্চগড় ফায়ার স্টেশন,Pnychgr Fire Station,০১৯০১০২৩২৯৭,01901023297,রংপুর.pdf
রংপুর বিভাগ,Rangpur Division,পঞ্চগড় জেলা,Pnychgr District,3,তেঁতুলিয়া ফায়ার স্টেশন,Tentuliya Fire Station,০১৯০১০২৩২৯৯,01901023299,রংপুর.pdf
রংপুর বিভাগ,Rangpur Division,পঞ্চগড় জেলা,Pnychgr District,4,বোদা ফায়ার স্টেশন,Boda Fire Station,০১৯০১০২৩৩০১,01901023301,রংপুর.pdf
রংপুর বিভাগ,Rangpur Division,পঞ্চগড় জেলা,Pnychgr District,5,দেবীগঞ্জ ফায়ার স্টেশন,Debiganj Fire Station,০১৯০১০২৩৩০৩,01901023303,রংপুর.pdf
রংপুর বিভাগ,Rangpur Division,পঞ্চগড় জেলা,Pnychgr District,6,আটোয়ারী ফায়ার স্টেশন,Atwari Fire Station,০১৯০১০২৩৩০৫,01901023305,রংপুর.pdf
রাজশাহী বিভাগ,Rajshahi Division,রাজশাহী জেলা,Rajshahi District,1,"উপ-পরিচালক, রাজশাহী",Up Prichalk Rajshahi,০১৯০১০২০১২০,01901020120,রাজশাহী.pdf
রাজশাহী বিভাগ,Rajshahi Division,রাজশাহী জেলা,Rajshahi District,2,"সহকারী পরিচালক, বৃহত্তর রাজশাহী জেলা",Assistant Director Brihttr Rajshahi District,০১৯০১০২০১২২,01901020122,রাজশাহী.pdf
রাজশাহী বিভাগ,Rajshahi Division,রাজশাহী জেলা,Rajshahi District,3,রাজশাহী ফায়ার স্টেশন,Rajshahi Fire Station,০১৯০১০২২২২৭,01901022227,রাজশাহী.pdf
রাজশাহী বিভাগ,Rajshahi Division,রাজশাহী জেলা,Rajshahi District,4,বিশ্ববিদ্যালয় ফায়ার স্টেশন,Bishbbidyaly Fire Station,০১৯০১০২২২২৯,01901022229,রাজশাহী.pdf
রাজশাহী বিভাগ,Rajshahi Division,রাজশাহী জেলা,Rajshahi District,5,পুঠিয়া ফায়ার স্টেশন,Puthia Fire Station,০১৯০১০২২২৪৯,01901022249,রাজশাহী.pdf
রাজশাহী বিভাগ,Rajshahi Division,রাজশাহী জেলা,Rajshahi District,6,চারঘাট ফায়ার স্টেশন,Charghat Fire Station,০১৯০১০২২২৩৭,01901022237,রাজশাহী.pdf
রাজশাহী বিভাগ,Rajshahi Division,রাজশাহী জেলা,Rajshahi District,7,গোদাগাড়ী ফায়ার স্টেশন,Godagari Fire Station,০১৯০১০২২২৪১,01901022241,রাজশাহী.pdf
রাজশাহী বিভাগ,Rajshahi Division,রাজশাহী জেলা,Rajshahi District,8,তানোর ফায়ার স্টেশন,Tanore Fire Station,০১৯০১০২২২৫১,01901022251,রাজশাহী.pdf
রাজশাহী বিভাগ,Rajshahi Division,রাজশাহী জেলা,Rajshahi District,9,বাগমারা ফায়ার স্টেশন,Bagmara Fire Station,০১৯০১০২২২৩৫,01901022235,রাজশাহী.pdf
রাজশাহী বিভাগ,Rajshahi Division,রাজশাহী জেলা,Rajshahi District,10,দূগার্পুর ফায়ার স্টেশন,Dugarpur Fire Station,০১৯০১০২২২৩৯,01901022239,রাজশাহী.pdf
রাজশাহী বিভাগ,Rajshahi Division,রাজশাহী জেলা,Rajshahi District,11,রাজশাহী উত্তর ফায়ার স্টেশন,Rajshahi Uttr Fire Station,০১৯০১০২২২৩১,01901022231,রাজশাহী.pdf
রাজশাহী বিভাগ,Rajshahi Division,রাজশাহী জেলা,Rajshahi District,12,নওহাটা ফায়ার স্টেশন,Nohata Fire Station,০১৯০১০২২২৪৭,01901022247,রাজশাহী.pdf
রাজশাহী বিভাগ,Rajshahi Division,রাজশাহী জেলা,Rajshahi District,13,বাঘা ফায়ার স্টেশন,Bagha Fire Station,০১৯০১০২২২৫৩,01901022253,রাজশাহী.pdf
রাজশাহী বিভাগ,Rajshahi Division,রাজশাহী জেলা,Rajshahi District,14,মোহনপুর ফায়ার স্টেশন,Mohonpur Fire Station,০১৯০১০২২২৪৫,01901022245,রাজশাহী.pdf
রাজশাহী বিভাগ,Rajshahi Division,চাঁপাইনবাবগঞ্জ জেলা,Chapainawabganj District,1,"উপসহকারীপরিচালক, চাঁপাইনবাবগঞ্জ",Upshkariprichalk Chapainawabganj,০১৯০১০২২২০৫,01901022205,রাজশাহী.pdf
রাজশাহী বিভাগ,Rajshahi Division,চাঁপাইনবাবগঞ্জ জেলা,Chapainawabganj District,2,চাঁপাইনবাবগঞ্জ ফায়ার স্টেশন,Chapainawabganj Fire Station,০১৯০১০২২৩০৯,01901022309,রাজশাহী.pdf
রাজশাহী বিভাগ,Rajshahi Division,চাঁপাইনবাবগঞ্জ জেলা,Chapainawabganj District,3,শিবগঞ্জ ফায়ার স্টেশন,Shibganj Fire Station,০১৯০১০২২৩১৭,01901022317,রাজশাহী.pdf
রাজশাহী বিভাগ,Rajshahi Division,চাঁপাইনবাবগঞ্জ জেলা,Chapainawabganj District,4,গোমস্ত্মাপুর ফায়ার স্টেশন,Gomstmapur Fire Station,০১৯০১০২২৩১৩,01901022313,রাজশাহী.pdf
রাজশাহী বিভাগ,Rajshahi Division,চাঁপাইনবাবগঞ্জ জেলা,Chapainawabganj District,5,ভোলাহাট ফায়ার স্টেশন,Bholahat Fire Station,০১৯০১০২২৩১১,01901022311,রাজশাহী.pdf
রাজশাহী বিভাগ,Rajshahi Division,চাঁপাইনবাবগঞ্জ জেলা,Chapainawabganj District,6,নাচোল ফায়ার স্টেশন,Nachol Fire Station,০১৯০১০২২৩১৫,01901022315,রাজশাহী.pdf
রাজশাহী বিভাগ,Rajshahi Division,নওগাঁ জেলা,Naogaon District,1,"উপসহকারীপরিচালক, নওগাঁ",Upshkariprichalk Naogaon,০১৯০১০২২২০৬,01901022206,রাজশাহী.pdf
রাজশাহী বিভাগ,Rajshahi Division,নওগাঁ জেলা,Naogaon District,2,নওগাঁ ফায়ার স্টেশন,Naogaon Fire Station,০১৯০১০২২২৫৫,01901022255,রাজশাহী.pdf
রাজশাহী বিভাগ,Rajshahi Division,নওগাঁ জেলা,Naogaon District,3,পত্নীতলা ফায়ার স্টেশন,Ptnitla Fire Station,০১৯০১০২২২৬৯,01901022269,রাজশাহী.pdf
রাজশাহী বিভাগ,Rajshahi Division,নওগাঁ জেলা,Naogaon District,4,আত্রাই ফায়ার স্টেশন,Atrai Fire Station,০১৯০১০২২২৬৩,01901022263,রাজশাহী.pdf
রাজশাহী বিভাগ,Rajshahi Division,নওগাঁ জেলা,Naogaon District,5,নিয়ামতপুর ফায়ার স্টেশন,Niamatpur Fire Station,০১৯০১০২২২৬৭,01901022267,রাজশাহী.pdf
রাজশাহী বিভাগ,Rajshahi Division,নওগাঁ জেলা,Naogaon District,6,মহোচবেপুর ফায়ার স্টেশন,Mhochbepur Fire Station,০১৯০১০২২২৫৯,01901022259,রাজশাহী.pdf
রাজশাহী বিভাগ,Rajshahi Division,নওগাঁ জেলা,Naogaon District,7,রোণীনগর ফায়ার স্টেশন,Roningr Fire Station,০১৯০১০২২২৭১,01901022271,রাজশাহী.pdf
রাজশাহী বিভাগ,Rajshahi Division,নওগাঁ জেলা,Naogaon District,8,মান্দা ফায়ার স্টেশন,Manda Fire Station,০১৯০১০২২২৬৫,01901022265,রাজশাহী.pdf
রাজশাহী বিভাগ,Rajshahi Division,নাটোর জেলা,Natore District,1,"উপসহকারীপরিচালক, নাটোর",Upshkariprichalk Natore,০১৯০১০২২২০৭,01901022207,রাজশাহী.pdf
রাজশাহী বিভাগ,Rajshahi Division,নাটোর জেলা,Natore District,2,নাটোর ফায়ার স্টেশন,Natore Fire Station,০১৯০১০২২২৮৩,01901022283,রাজশাহী.pdf
রাজশাহী বিভাগ,Rajshahi Division,নাটোর জেলা,Natore District,3,লালপুর ফায়ার স্টেশন,Lalpur Fire Station,০১৯০১০২২২৯৩,01901022293,রাজশাহী.pdf
রাজশাহী বিভাগ,Rajshahi Division,নাটোর জেলা,Natore District,4,দয়ারামপুর ফায়ার স্টেশন,Dyarampur Fire Station,০১৯০১০২২২৮৫,01901022285,রাজশাহী.pdf
রাজশাহী বিভাগ,Rajshahi Division,নাটোর জেলা,Natore District,5,গুরম্নদাশপুর ফায়ার স্টেশন,Gurmndashpur Fire Station,০১৯০১০২২২৮৯,01901022289,রাজশাহী.pdf
রাজশাহী বিভাগ,Rajshahi Division,নাটোর জেলা,Natore District,6,বনপোড়ো ফায়ার স্টেশন,Bnporo Fire Station,০১৯০১০২২২৮৭,01901022287,রাজশাহী.pdf
রাজশাহী বিভাগ,Rajshahi Division,নাটোর জেলা,Natore District,7,স ংিড়ো ফায়ার স্টেশন,S Ngiro Fire Station,০১৯০১০২২২৯৫,01901022295,রাজশাহী.pdf
রাজশাহী বিভাগ,Rajshahi Division,বগুড়া জেলা,Bogura District,1,"সহকারী পরিচালক, বগুড়া",Assistant Director Bogura,০১৯০১০২০১২৪,01901020124,রাজশাহী.pdf
রাজশাহী বিভাগ,Rajshahi Division,বগুড়া জেলা,Bogura District,2,"উপ-সহকারী পরিচালক, বগুড়া",Up Assistant Director Bogura,০১৯০১০২২২১১,01901022211,রাজশাহী.pdf
রাজশাহী বিভাগ,Rajshahi Division,বগুড়া জেলা,Bogura District,3,বগুড়া ফায়ার স্টেশন,Bogura Fire Station,০১৯০১০২২৩৮১,01901022381,রাজশাহী.pdf
রাজশাহী বিভাগ,Rajshahi Division,বগুড়া জেলা,Bogura District,4,সোনাতলো ফায়ার স্টেশন,Sonatlo Fire Station,০১৯০১০২২৪১১,01901022411,রাজশাহী.pdf
রাজশাহী বিভাগ,Rajshahi Division,বগুড়া জেলা,Bogura District,5,সারিয়াকান্দি ফায়ার স্টেশন,Shariakandi Fire Station,০১৯০১০২২৪০৩,01901022403,রাজশাহী.pdf
রাজশাহী বিভাগ,Rajshahi Division,বগুড়া জেলা,Bogura District,6,শেরপুর ফায়ার স্টেশন,Sherpur Fire Station,০১৯০১০২২৪০৫,01901022405,রাজশাহী.pdf
রাজশাহী বিভাগ,Rajshahi Division,বগুড়া জেলা,Bogura District,7,ধুনট ফায়ার স্টেশন,Dhunot Fire Station,০১৯০১০২২৩৯১,01901022391,রাজশাহী.pdf
রাজশাহী বিভাগ,Rajshahi Division,বগুড়া জেলা,Bogura District,8,গাবতলী ফায়ার স্টেশন,Gabtali Fire Station,০১৯০১০২২৩৯৫,01901022395,রাজশাহী.pdf
রাজশাহী বিভাগ,Rajshahi Division,বগুড়া জেলা,Bogura District,9,কোহোলু ফায়ার স্টেশন,Koholu Fire Station,০১৯০১০২২৩৯৯,01901022399,রাজশাহী.pdf
রাজশাহী বিভাগ,Rajshahi Division,বগুড়া জেলা,Bogura District,10,নন্দীগ্রোম ফায়ার স্টেশন,Nndigrom Fire Station,০১৯০১০২২৪০১,01901022401,রাজশাহী.pdf
রাজশাহী বিভাগ,Rajshahi Division,বগুড়া জেলা,Bogura District,11,সশবগঞ্জ ফায়ার স্টেশন,Sshbgnyj Fire Station,০১৯০১০২২৪০৭,01901022407,রাজশাহী.pdf
রাজশাহী বিভাগ,Rajshahi Division,বগুড়া জেলা,Bogura District,12,দুপচাঁচিয়া ফায়ার স্টেশন,Dupchanchiya Fire Station,০১৯০১০২২৩৯৩,01901022393,রাজশাহী.pdf
রাজশাহী বিভাগ,Rajshahi Division,বগুড়া জেলা,Bogura District,13,শোহজোহোনপুর ফায়ার স্টেশন,Shohjohonpur Fire Station,০১৯০১০২২৪১৩,01901022413,রাজশাহী.pdf
রাজশাহী বিভাগ,Rajshahi Division,বগুড়া জেলা,Bogura District,14,আমেসঘেী ফায়ার স্টেশন,Amesghei Fire Station,০১৯০১০২২৩৮৭,01901022387,রাজশাহী.pdf
রাজশাহী বিভাগ,Rajshahi Division,জয়পুরহাট জেলা,Joypurhat District,1,"উপ-সহকারীপরিচালক, জয়পুরহাট",Up Shkariprichalk Joypurhat,০১৯০১০২২২০৮,01901022208,রাজশাহী.pdf
রাজশাহী বিভাগ,Rajshahi Division,জয়পুরহাট জেলা,Joypurhat District,2,জয়পুরহাট ফায়ার স্টেশন,Joypurhat Fire Station,০১৯০১০২২২৯৯,01901022299,রাজশাহী.pdf
রাজশাহী বিভাগ,Rajshahi Division,জয়পুরহাট জেলা,Joypurhat District,3,আক্কেলপুর ফায়ার স্টেশন,Akkelpur Fire Station,০১৯০১০২২৩০১,01901022301,রাজশাহী.pdf
রাজশাহী বিভাগ,Rajshahi Division,জয়পুরহাট জেলা,Joypurhat District,4,পাঁচবিবি ফায়ার স্টেশন,Panchbibi Fire Station,০১৯০১০২২৩০৫,01901022305,রাজশাহী.pdf
রাজশাহী বিভাগ,Rajshahi Division,জয়পুরহাট জেলা,Joypurhat District,5,কালাই ফায়ার স্টেশন,Kalai Fire Station,০১৯০১০২২৩০৭,01901022307,রাজশাহী.pdf
রাজশাহী বিভাগ,Rajshahi Division,জয়পুরহাট জেলা,Joypurhat District,6,ক্ষেতলাল ফায়ার স্টেশন,Khetlal Fire Station,০১৯০১০২২৩০৩,01901022303,রাজশাহী.pdf
রাজশাহী বিভাগ,Rajshahi Division,পাবনা জেলা,Pabna District,1,"সহকারী পরিচালক, পাবনা",Assistant Director Pabna,০১৯০১০২০১২৬,01901020126,রাজশাহী.pdf
রাজশাহী বিভাগ,Rajshahi Division,পাবনা জেলা,Pabna District,2,পাবনা ফায়ার স্টেশন,Pabna Fire Station,০১৯০১০২২৩২৫,01901022325,রাজশাহী.pdf
রাজশাহী বিভাগ,Rajshahi Division,পাবনা জেলা,Pabna District,3,ইশ্বরদী ফায়ার স্টেশন,Ishbrdi Fire Station,০১৯০১০২২৩৩৫,01901022335,রাজশাহী.pdf
রাজশাহী বিভাগ,Rajshahi Division,পাবনা জেলা,Pabna District,4,বেড়া ফায়ার স্টেশন,Bera Fire Station,০১৯০১০২২৩২৯,01901022329,রাজশাহী.pdf
রাজশাহী বিভাগ,Rajshahi Division,পাবনা জেলা,Pabna District,5,সুজানগর ফায়ার স্টেশন,Sujanagar Fire Station,০১৯০১০২২৩৪৯,01901022349,রাজশাহী.pdf
রাজশাহী বিভাগ,Rajshahi Division,পাবনা জেলা,Pabna District,6,চাটমোহর ফায়ার স্টেশন,Chatmohar Fire Station,০১৯০১০২২৩৩১,01901022331,রাজশাহী.pdf
রাজশাহী বিভাগ,Rajshahi Division,পাবনা জেলা,Pabna District,8,ইশ্বরদী ইপিজেড ফায়ার স্টেশন,Ishbrdi Ipijed Fire Station,০১৯০১০২২৩৩৫,01901022335,রাজশাহী.pdf
রাজশাহী বিভাগ,Rajshahi Division,পাবনা জেলা,Pabna District,9,ফরিদপুর ফায়ার স্টেশন,Faridpur Fire Station,০১৯০১০২২৩৩৩,01901022333,রাজশাহী.pdf
রাজশাহী বিভাগ,Rajshahi Division,পাবনা জেলা,Pabna District,10,কোসশনোথপুর ফায়ার স্টেশন,Kosshnothpur Fire Station,০১৯০১০২২৩৪৫,01901022345,রাজশাহী.pdf
রাজশাহী বিভাগ,Rajshahi Division,পাবনা জেলা,Pabna District,11,রূপপুর ফায়ার স্টেশন,Ruppur Fire Station,০১৯০১০২২৩৪১,01901022341,রাজশাহী.pdf
রাজশাহী বিভাগ,Rajshahi Division,পাবনা জেলা,Pabna District,12,আটঘরিয়া ফায়ার স্টেশন,Atghoria Fire Station,০১৯০১০২২৩২৭,01901022327,রাজশাহী.pdf
রাজশাহী বিভাগ,Rajshahi Division,পাবনা জেলা,Pabna District,13,সাথিয়া ফায়ার স্টেশন,Sathiya Fire Station,০১৯০১০২২৩৪৩,01901022343,রাজশাহী.pdf
রাজশাহী বিভাগ,Rajshahi Division,সিরাজগঞ্জ জেলা,Sirajganj District,1,"উপ-সহকারী পরিচালক, সিরাজগঞ্জ",Up Assistant Director Sirajganj,০১৯০১০২২২১০,01901022210,রাজশাহী.pdf
রাজশাহী বিভাগ,Rajshahi Division,সিরাজগঞ্জ জেলা,Sirajganj District,2,সিরাজগঞ্জ ফায়ার স্টেশন,Sirajganj Fire Station,০১৯০১০২২৩৫৩,01901022353,রাজশাহী.pdf
রাজশাহী বিভাগ,Rajshahi Division,সিরাজগঞ্জ জেলা,Sirajganj District,3,উলস্নাপাড়া ফায়ার স্টেশন,Ulsnapara Fire Station,০১৯০১০২২৩৭৫,01901022375,রাজশাহী.pdf
রাজশাহী বিভাগ,Rajshahi Division,সিরাজগঞ্জ জেলা,Sirajganj District,4,শাহজাদপুর ফায়ার স্টেশন,Shahjadpur Fire Station,০১৯০১০২২৩৬৯,01901022369,রাজশাহী.pdf
রাজশাহী বিভাগ,Rajshahi Division,সিরাজগঞ্জ জেলা,Sirajganj District,5,কাজীপুর ফায়ার স্টেশন,Kazipur Fire Station,০১৯০১০২২৩৬৩,01901022363,রাজশাহী.pdf
রাজশাহী বিভাগ,Rajshahi Division,সিরাজগঞ্জ জেলা,Sirajganj District,6,রায়গঞ্জ ফায়ার স্টেশন,Raigonj Fire Station,০১৯০১০২২৩৬৫,01901022365,রাজশাহী.pdf
রাজশাহী বিভাগ,Rajshahi Division,সিরাজগঞ্জ জেলা,Sirajganj District,7,বেলকুচি ফায়ার স্টেশন,Belkuchi Fire Station,০১৯০১০২২৩৫৭,01901022357,রাজশাহী.pdf
রাজশাহী বিভাগ,Rajshahi Division,সিরাজগঞ্জ জেলা,Sirajganj District,8,বাঘাবাড়ি নদী ফায়ার স্টেশন,Baghabari River Fire Station,০১৯০১০২২৩৭১,01901022371,রাজশাহী.pdf
রাজশাহী বিভাগ,Rajshahi Division,সিরাজগঞ্জ জেলা,Sirajganj District,9,কোমোরখন্দ ফায়ার স্টেশন,Komorkhnd Fire Station,০১৯০১০২২৩৫৯,01901022359,রাজশাহী.pdf
রাজশাহী বিভাগ,Rajshahi Division,সিরাজগঞ্জ জেলা,Sirajganj District,10,স্যাটেলাইট ফায়ার স্টেশন,Syatelait Fire Station,০১৩১৩-৪২৫৮২৪,01313425824,রাজশাহী.pdf
রাজশাহী বিভাগ,Rajshahi Division,সিরাজগঞ্জ জেলা,Sirajganj District,11,তাড়াশ ফায়ার স্টেশন,Tarash Fire Station,০১৯০১০২২৩৭৩,01901022373,রাজশাহী.pdf
সিলেট বিভাগ,Sylhet Division,সিলেট জেলা,Sylhet District,1,"উপপরিচালক, সিলেট",Deputy Director Sylhet,০১৯০১০২০১৫০,01901020150,সিলেট.pdf
সিলেট বিভাগ,Sylhet Division,সিলেট জেলা,Sylhet District,2,"সহকারী পরিচালক, বৃহত্তর সিলেট জেলা",Assistant Director Brihttr Sylhet District,০১৯০১০২০১৫২,01901020152,সিলেট.pdf
সিলেট বিভাগ,Sylhet Division,সিলেট জেলা,Sylhet District,3,"উপ সহকারী পরিচালক, সিলেট",Deputy Assistant Director Sylhet,০১৯০১০২৩৬০২,01901023602,সিলেট.pdf
সিলেট বিভাগ,Sylhet Division,সিলেট জেলা,Sylhet District,5,সিলেট ফায়ার স্টেশন,Sylhet Fire Station,০১৯০১০২৩৬১৬,01901023616,সিলেট.pdf
সিলেট বিভাগ,Sylhet Division,সিলেট জেলা,Sylhet District,6,সিলেট(দক্ষিণ) ফায়ার স্টেশন,Sylhet Dkshin Fire Station,০১৯০১০২৩৬২৮,01901023628,সিলেট.pdf
সিলেট বিভাগ,Sylhet Division,সিলেট জেলা,Sylhet District,7,ওসমানীনগর ফায়ার স্টেশন,Osmaningr Fire Station,০১৯০১০২৩৬৩৮,01901023638,সিলেট.pdf
সিলেট বিভাগ,Sylhet Division,সিলেট জেলা,Sylhet District,8,জকিগঞ্জ ফায়ার স্টেশন,Zakiganj Fire Station,০১৯০১০২৩৬৩৬,01901023636,সিলেট.pdf
সিলেট বিভাগ,Sylhet Division,সিলেট জেলা,Sylhet District,9,বিয়ানীবাজার ফায়ার স্টেশন,Beanibazar Fire Station,০১৯০১০২৩৬৩৪,01901023634,সিলেট.pdf
সিলেট বিভাগ,Sylhet Division,সিলেট জেলা,Sylhet District,10,ফেঞ্চুগঞ্জ ফায়ার স্টেশন,Fenchuganj Fire Station,০১৯০১০২৩৬৪০,01901023640,সিলেট.pdf
সিলেট বিভাগ,Sylhet Division,সিলেট জেলা,Sylhet District,11,জৈন্ত্মাপুর ফায়ার স্টেশন,Jointmapur Fire Station,০১৯০১০২৩৬৪৪,01901023644,সিলেট.pdf
সিলেট বিভাগ,Sylhet Division,সিলেট জেলা,Sylhet District,12,সেনানিবাস ফায়ার স্টেশন,Senanibas Fire Station,০১৯০১০২৩৬১৮,01901023618,সিলেট.pdf
সিলেট বিভাগ,Sylhet Division,সিলেট জেলা,Sylhet District,13,গোলাপগঞ্জ ফায়ার স্টেশন,Golapganj Fire Station,০১৯০১০২৩৬৪২,01901023642,সিলেট.pdf
সিলেট বিভাগ,Sylhet Division,সুনামগঞ্জ জেলা,Sunamganj District,1,"উপসহকারী পরিচালক, সুনামগঞ্জ",Deputy Assistant Director Sunamganj,০১৯০১০২৩৬০৫,01901023605,সিলেট.pdf
সিলেট বিভাগ,Sylhet Division,সুনামগঞ্জ জেলা,Sunamganj District,2,সুনামগঞ্জ ফায়ার স্টেশন,Sunamganj Fire Station,০১৯০১০২৩৬৯৮,01901023698,সিলেট.pdf
সিলেট বিভাগ,Sylhet Division,সুনামগঞ্জ জেলা,Sunamganj District,3,ছাতক ফায়ার স্টেশন,Chhatak Fire Station,০১৯০১০২৩৭০০,01901023700,সিলেট.pdf
সিলেট বিভাগ,Sylhet Division,সুনামগঞ্জ জেলা,Sunamganj District,4,জগন্নাথপুর ফায়ার স্টেশন,Jagannathpur Fire Station,০১৯০১০২৩৭০৪,01901023704,সিলেট.pdf
সিলেট বিভাগ,Sylhet Division,সুনামগঞ্জ জেলা,Sunamganj District,5,দক্ষিণ সুনামগঞ্জ ফায়ার স্টেশন,South Sunamganj Fire Station,০১৯০১০২৩৭০৬,01901023706,সিলেট.pdf
সিলেট বিভাগ,Sylhet Division,সুনামগঞ্জ জেলা,Sunamganj District,6,বিশম্ভরপুর ফায়ার স্টেশন,Bishmbhrpur Fire Station,০১৯০১০২৩৭১০,01901023710,সিলেট.pdf
সিলেট বিভাগ,Sylhet Division,সুনামগঞ্জ জেলা,Sunamganj District,7,দিরাই ফায়ার স্টেশন,Derai Fire Station,০১৯০১০২৩৭০৮,01901023708,সিলেট.pdf
সিলেট বিভাগ,Sylhet Division,সুনামগঞ্জ জেলা,Sunamganj District,8,দোয়ারাবাজার ফায়ার স্টেশন,Dowarabazar Fire Station,০১৯০১০২৩৭১২,01901023712,সিলেট.pdf
সিলেট বিভাগ,Sylhet Division,সুনামগঞ্জ জেলা,Sunamganj District,9,তাহরিপুর ফায়ার স্টেশন,Taharipur Fire Station,০১৯০১০২৩৭১৪,01901023714,সিলেট.pdf
সিলেট বিভাগ,Sylhet Division,মৌলভীবাজার জেলা,Moulvibazar District,1,"উপসহকারী পরিচালক, মৌলভীবাজার",Deputy Assistant Director Moulvibazar,০১৯০১০২৩৬০৩,01901023603,সিলেট.pdf
সিলেট বিভাগ,Sylhet Division,মৌলভীবাজার জেলা,Moulvibazar District,2,মৌলভীবাজার ফায়ার স্টেশন,Moulvibazar Fire Station,০১৯০১০২৩৬৫৮,01901023658,সিলেট.pdf
সিলেট বিভাগ,Sylhet Division,মৌলভীবাজার জেলা,Moulvibazar District,3,শ্রীমঙ্গল ফায়ার স্টেশন,Sreemangal Fire Station,০১৯০১০২৩৬৬৮,01901023668,সিলেট.pdf
সিলেট বিভাগ,Sylhet Division,মৌলভীবাজার জেলা,Moulvibazar District,4,কুলাউড়া ফায়ার স্টেশন,Kulaura Fire Station,০১৯০১০২৩৬৬৪,01901023664,সিলেট.pdf
সিলেট বিভাগ,Sylhet Division,মৌলভীবাজার জেলা,Moulvibazar District,5,কমলগঞ্জ ফায়ার স্টেশন,Kamolganj Fire Station,০১৯০১০২৩৬৬৬,01901023666,সিলেট.pdf
সিলেট বিভাগ,Sylhet Division,মৌলভীবাজার জেলা,Moulvibazar District,6,বড়লেখা ফায়ার স্টেশন,Barlekha Fire Station,০১৯০১০২৩৬৭০,01901023670,সিলেট.pdf
সিলেট বিভাগ,Sylhet Division,মৌলভীবাজার জেলা,Moulvibazar District,7,রাজনগর ফায়ার স্টেশন,Rajnagar Fire Station,০১৯০১০২৩৬৭২,01901023672,সিলেট.pdf
সিলেট বিভাগ,Sylhet Division,হবিগঞ্জ জেলা,Habiganj District,1,"উপসহকারী পরিচালক, হবিগঞ্জ",Deputy Assistant Director Habiganj,০১৯০১০২৩৬০৪,01901023604,সিলেট.pdf
সিলেট বিভাগ,Sylhet Division,হবিগঞ্জ জেলা,Habiganj District,2,হবিগঞ্জ ফায়ার স্টেশন,Habiganj Fire Station,০১৯০১০২৩৬৭৮,01901023678,সিলেট.pdf
সিলেট বিভাগ,Sylhet Division,হবিগঞ্জ জেলা,Habiganj District,3,মাধবপুর ফায়ার স্টেশন,Madhabpur Fire Station,০১৯০১০২৩৬৮২,01901023682,সিলেট.pdf
সিলেট বিভাগ,Sylhet Division,হবিগঞ্জ জেলা,Habiganj District,4,নবীগঞ্জ ফায়ার স্টেশন,Nabiganj Fire Station,০১৯০১০২৩৬৮৬,01901023686,সিলেট.pdf
সিলেট বিভাগ,Sylhet Division,হবিগঞ্জ জেলা,Habiganj District,5,বানিয়াচং ফায়ার স্টেশন,Baniachong Fire Station,০১৯০১০২৩৬৮০,01901023680,সিলেট.pdf
সিলেট বিভাগ,Sylhet Division,হবিগঞ্জ জেলা,Habiganj District,6,শায়েস্ত্মাগঞ্জ ফায়ার স্টেশন,Shayestmagnyj Fire Station,০১৯০১০২৩৬৮৮,01901023688,সিলেট.pdf
সিলেট বিভাগ,Sylhet Division,হবিগঞ্জ জেলা,Habiganj District,7,চুনারম্নঘাট ফায়ার স্টেশন,Chunarmnghat Fire Station,০১৯০১০২৩৬৯০,01901023690,সিলেট.pdf
